# ************************************************************
# Sequel Pro SQL dump
# Version 4096
#
# http://www.sequelpro.com/
# http://code.google.com/p/sequel-pro/
#
# Host: 127.0.0.1 (MySQL 5.0.95)
# Database: c3x_bedgear
# Generation Time: 2015-06-11 14:36:33 +0000
# ************************************************************


/*!40101 SET @OLD_CHARACTER_SET_CLIENT=@@CHARACTER_SET_CLIENT */;
/*!40101 SET @OLD_CHARACTER_SET_RESULTS=@@CHARACTER_SET_RESULTS */;
/*!40101 SET @OLD_COLLATION_CONNECTION=@@COLLATION_CONNECTION */;
/*!40101 SET NAMES utf8 */;
/*!40014 SET @OLD_FOREIGN_KEY_CHECKS=@@FOREIGN_KEY_CHECKS, FOREIGN_KEY_CHECKS=0 */;
/*!40101 SET @OLD_SQL_MODE=@@SQL_MODE, SQL_MODE='NO_AUTO_VALUE_ON_ZERO' */;
/*!40111 SET @OLD_SQL_NOTES=@@SQL_NOTES, SQL_NOTES=0 */;


# Dump of table tblAnswer
# ------------------------------------------------------------

DROP TABLE IF EXISTS `tblAnswer`;

CREATE TABLE `tblAnswer` (
  `answerId` int(11) NOT NULL auto_increment,
  `answerText` varchar(255) default NULL,
  `answerNumber` int(11) default NULL,
  `answerBitpos` int(11) default NULL,
  `questionId` int(11) default NULL,
  `answerTimeStamp` timestamp NOT NULL default CURRENT_TIMESTAMP on update CURRENT_TIMESTAMP,
  PRIMARY KEY  (`answerId`)
) ENGINE=InnoDB DEFAULT CHARSET=utf8;

LOCK TABLES `tblAnswer` WRITE;
/*!40000 ALTER TABLE `tblAnswer` DISABLE KEYS */;

INSERT INTO `tblAnswer` (`answerId`, `answerText`, `answerNumber`, `answerBitpos`, `questionId`, `answerTimeStamp`)
VALUES
	(1,'Male',1,0,1,'2015-01-29 19:55:08'),
	(2,'Female',2,0,1,'2015-01-29 19:55:02'),
	(3,'Stomach',1,4,2,'2015-01-29 15:42:55'),
	(4,'Back',2,8,2,'2015-01-29 15:43:02'),
	(5,'Side',3,16,2,'2015-01-29 15:43:09'),
	(6,'Multiple',4,32,2,'2015-01-29 15:43:14'),
	(7,'Petite',1,64,3,'2015-01-29 15:43:24'),
	(8,'Narrow',2,128,3,'2015-01-29 15:43:30'),
	(9,'Medium',3,256,3,'2015-01-29 15:43:37'),
	(10,'Broad',4,512,3,'2015-01-29 15:43:45'),
	(11,'Air Bed',1,1024,4,'2015-01-29 15:43:54'),
	(12,'Hybrid Mattress',2,2048,4,'2015-02-04 10:58:54'),
	(13,'Latex Mattress',3,4096,4,'2015-02-04 10:59:36'),
	(14,'Memory Foam (Visco) Mattress',4,8192,4,'2015-02-04 11:00:20'),
	(15,'Pillow Top Mattress',5,16384,4,'2015-02-04 11:00:43'),
	(16,'Innerspring Mattress',6,32768,4,'2015-02-04 10:59:20'),
	(17,'Hot',1,1,5,'2015-01-30 08:36:32'),
	(18,'Cold',2,0,5,'2015-01-30 08:37:26'),
	(19,'Neither',3,0,5,'2015-01-30 08:37:51'),
	(20,'Snoring',1,0,19,'2015-02-04 10:40:02'),
	(21,'Body Pillow',1,0,20,'2015-02-04 10:44:17'),
	(22,'Overall hot with cold extremities',2,0,19,'2015-02-04 10:40:35'),
	(23,'Pregnancy',3,0,19,'2015-02-04 10:40:50'),
	(24,'Insomnia',4,0,19,'2015-02-04 10:41:02'),
	(25,'Night sweats',5,0,19,'2015-02-04 10:41:19'),
	(26,'Flip to the cool side of the pillow',6,0,19,'2015-03-11 15:41:53'),
	(27,'Leg Support Pillow',2,0,20,'2015-02-04 10:44:35'),
	(28,'Back Pillow for reading',3,0,20,'2015-02-04 10:45:13'),
	(29,'Waterbed',7,65536,4,'2015-02-02 17:26:34'),
	(30,'Memory Foam & Spring',1,0,8,'2015-02-03 11:34:51'),
	(31,'Latex & Spring',2,0,8,'2015-02-03 11:34:46'),
	(32,'Back',2,0,9,'2015-03-11 15:34:38'),
	(33,'Don\'t Know',4,0,9,'2015-03-11 15:34:27'),
	(34,'Stomach',1,0,10,'2015-02-04 10:22:44'),
	(35,'Back',2,0,10,'2015-02-04 10:23:08'),
	(36,'Side',3,0,10,'2015-02-04 10:23:24'),
	(37,'I Don\'t Know',0,32768,4,'2015-03-11 15:39:59'),
	(38,'Yes',1,0,11,'2015-02-04 10:30:33'),
	(39,'No',2,0,11,'2015-02-04 10:30:50'),
	(40,'Yes',1,0,12,'2015-02-04 10:31:58'),
	(41,'No',2,0,12,'2015-02-04 10:32:09'),
	(42,'Yes',1,0,13,'2015-02-04 10:32:56'),
	(43,'No',2,0,13,'2015-02-04 10:33:07'),
	(44,'Yes',1,0,14,'2015-02-04 10:33:50'),
	(45,'No',2,0,14,'2015-02-04 10:34:04'),
	(46,'Yes',1,0,15,'2015-02-04 10:34:38'),
	(47,'No',2,0,15,'2015-02-04 10:34:49'),
	(48,'Yes',1,0,16,'2015-02-04 10:35:23'),
	(49,'No',2,0,16,'2015-02-04 10:35:34'),
	(50,'Yes',1,0,17,'2015-02-04 10:36:15'),
	(51,'No',2,0,17,'2015-02-04 10:36:29'),
	(52,'Yes',1,0,18,'2015-02-04 10:37:02'),
	(53,'No',2,0,18,'2015-02-04 10:37:14'),
	(54,'Yes',1,0,6,'2015-02-04 10:38:19'),
	(55,'No',2,0,6,'2015-02-04 10:38:36'),
	(56,'Yes',1,0,7,'2015-02-04 10:43:05'),
	(57,'No',2,0,7,'2015-02-04 10:43:21'),
	(59,'Stomach',1,0,9,'2015-03-11 15:34:54'),
	(60,'Side',3,0,9,'2015-03-11 15:35:10'),
	(61,'Don\'t Know',4,0,10,'2015-03-11 15:37:06'),
	(62,'Sleep with my arm beneath pillow',1,0,19,'2015-03-11 15:42:32'),
	(63,'No',8,0,19,'2015-03-11 15:43:43'),
	(64,'No',8,0,20,'2015-03-11 15:44:53'),
	(65,'Yes',1,0,21,'2015-05-28 15:27:54'),
	(66,'No',2,0,21,'2015-05-28 15:28:09');

/*!40000 ALTER TABLE `tblAnswer` ENABLE KEYS */;
UNLOCK TABLES;


# Dump of table tblBenefit
# ------------------------------------------------------------

DROP TABLE IF EXISTS `tblBenefit`;

CREATE TABLE `tblBenefit` (
  `benefitId` int(11) NOT NULL auto_increment,
  `benefitName` varchar(200) default NULL,
  `productId` int(11) default NULL,
  `benefitX` varchar(20) default NULL,
  `benefitY` varchar(20) default NULL,
  `benefitTimeStamp` timestamp NOT NULL default CURRENT_TIMESTAMP on update CURRENT_TIMESTAMP,
  PRIMARY KEY  (`benefitId`)
) ENGINE=InnoDB DEFAULT CHARSET=utf8;

LOCK TABLES `tblBenefit` WRITE;
/*!40000 ALTER TABLE `tblBenefit` DISABLE KEYS */;

INSERT INTO `tblBenefit` (`benefitId`, `benefitName`, `productId`, `benefitX`, `benefitY`, `benefitTimeStamp`)
VALUES
	(1,'Temperature Regulating & Moisture Wicking',6,'100','90','2015-06-03 09:38:57'),
	(2,'Pressure-free, adapts to you',6,'210','200','2015-06-03 09:43:25'),
	(3,'Enhanced Airflow',6,'320','160','2015-06-03 09:42:17'),
	(4,'Responsive <br/>Cushioning',6,'400','90','2015-06-03 09:47:15'),
	(5,'Temperature Regulating & Moisture Wicking',1,'100','90','2015-06-03 10:01:18'),
	(6,'Temperature Regulating & Moisture Wicking',3,'100','90','2015-06-03 10:01:18'),
	(7,'Temperature Regulating & Moisture Wicking',7,'100','90','2015-06-03 10:01:18'),
	(8,'Temperature Regulating & Moisture Wicking',8,'100','90','2015-06-03 10:01:18'),
	(9,'Temperature Regulating & Moisture Wicking',9,'100','90','2015-06-03 10:01:18'),
	(10,'Temperature Regulating & Moisture Wicking',10,'100','90','2015-06-03 10:01:18'),
	(11,'Temperature Regulating & Moisture Wicking',11,'100','90','2015-06-03 10:01:18'),
	(12,'Instant Heat Deflection & Active Climate Control',4,'100','90','2015-06-03 10:01:18'),
	(13,'Instant Heat Deflection & Active Climate Control',5,'100','90','2015-06-03 10:01:18'),
	(14,'Instant Heat Deflection & Active Climate Control',12,'100','90','2015-06-03 10:01:18'),
	(15,'Instant Heat Deflection & Active Climate Control',13,'100','90','2015-06-03 10:01:18'),
	(16,'Instant Heat Deflection & Active Climate Control',14,'100','90','2015-06-03 10:01:18'),
	(17,'Instant Heat Deflection & Active Climate Control',15,'100','90','2015-06-03 10:01:18'),
	(18,'Instant Heat Deflection & Active Climate Control',16,'100','90','2015-06-03 10:01:18'),
	(19,'Instant Heat Deflection & Active Climate Control',17,'100','90','2015-06-03 10:01:18'),
	(20,'Pressure-free, adapts to you',1,'210','200','2015-06-03 09:54:34'),
	(21,'Pressure-free, adapts to you',3,'210','200','2015-06-03 09:54:34'),
	(23,'Pressure-free, adapts to you',7,'210','200','2015-06-03 09:54:34'),
	(24,'Pressure-free, adapts to you',4,'210','200','2015-06-03 09:54:34'),
	(25,'Pressure-free, adapts to you',5,'210','200','2015-06-03 09:54:34'),
	(26,'Pressure-free, adapts to you',12,'210','200','2015-06-03 09:54:34'),
	(27,'Pressure-free, adapts to you',13,'210','200','2015-06-03 09:54:34'),
	(28,'Weightless support, cradles your body',8,'210','200','2015-06-03 09:54:34'),
	(29,'Weightless support, cradles your body',9,'210','200','2015-06-03 09:54:34'),
	(30,'Weightless support, cradles your body',10,'210','200','2015-06-03 09:54:34'),
	(31,'Weightless support, cradles your body',11,'210','200','2015-06-03 09:54:34'),
	(32,'Weightless support, cradles your body',14,'210','200','2015-06-03 09:54:34'),
	(33,'Weightless support, cradles your body',15,'210','200','2015-06-03 09:54:34'),
	(34,'Weightless support, cradles your body',16,'210','200','2015-06-03 09:54:34'),
	(35,'Weightless support, cradles your body',17,'210','200','2015-06-03 09:54:34'),
	(36,'Enhanced Airflow',1,'320','160','2015-06-03 09:55:25'),
	(37,'Enhanced Airflow',3,'320','160','2015-06-03 09:55:25'),
	(38,'Enhanced Airflow',7,'320','160','2015-06-03 09:55:25'),
	(39,'Enhanced Airflow',8,'320','160','2015-06-03 09:55:25'),
	(40,'Enhanced Airflow',9,'320','160','2015-06-03 09:55:25'),
	(41,'Enhanced Airflow',10,'320','160','2015-06-03 09:55:25'),
	(42,'Enhanced Airflow',11,'320','160','2015-06-03 09:55:25'),
	(43,'Enhanced Airflow',4,'320','160','2015-06-03 09:55:25'),
	(44,'Enhanced Airflow',5,'320','160','2015-06-03 09:55:25'),
	(45,'Enhanced Airflow',12,'320','160','2015-06-03 09:55:25'),
	(46,'Enhanced Airflow',13,'320','160','2015-06-03 09:55:25'),
	(47,'Enhanced Airflow',14,'320','160','2015-06-03 09:55:25'),
	(48,'Enhanced Airflow',15,'320','160','2015-06-03 09:55:25'),
	(49,'Enhanced Airflow',16,'320','160','2015-06-03 09:55:25'),
	(50,'Enhanced Airflow',17,'320','160','2015-06-03 09:55:25'),
	(51,'Responsive <br/>Cushioning',1,'400','90','2015-06-03 09:54:50'),
	(52,'Responsive <br/>Cushioning',3,'400','90','2015-06-03 09:54:50'),
	(53,'Responsive <br/>Cushioning',7,'400','90','2015-06-03 09:54:50'),
	(54,'Responsive <br/>Cushioning',8,'400','90','2015-06-03 09:54:50'),
	(55,'Responsive <br/>Cushioning',9,'400','90','2015-06-03 09:54:50'),
	(56,'Responsive <br/>Cushioning',10,'400','90','2015-06-03 09:54:50'),
	(57,'Responsive <br/>Cushioning',11,'400','90','2015-06-03 09:54:50'),
	(58,'Maximum Flexibility & Support',4,'400','90','2015-06-03 09:54:50'),
	(59,'Maximum Flexibility & Support',5,'400','90','2015-06-03 09:54:50'),
	(60,'Maximum Flexibility & Support',12,'400','90','2015-06-03 09:54:50'),
	(61,'Maximum Flexibility & Support',13,'400','90','2015-06-03 09:54:50'),
	(62,'Maximum Flexibility & Support',14,'400','90','2015-06-03 09:54:50'),
	(63,'Maximum Flexibility & Support',15,'400','90','2015-06-03 09:54:50'),
	(64,'Maximum Flexibility & Support',16,'400','90','2015-06-03 09:54:50'),
	(65,'Maximum Flexibility & Support',17,'400','90','2015-06-03 09:54:50');

/*!40000 ALTER TABLE `tblBenefit` ENABLE KEYS */;
UNLOCK TABLES;


# Dump of table tblProduct
# ------------------------------------------------------------

DROP TABLE IF EXISTS `tblProduct`;

CREATE TABLE `tblProduct` (
  `productId` int(11) NOT NULL auto_increment,
  `productName` varchar(100) default NULL,
  `productText` varchar(255) default NULL,
  `productImage` varchar(200) NOT NULL default '',
  `productUrl` varchar(200) NOT NULL default '',
  `productStoreUrl` varchar(200) NOT NULL,
  `productTimeStamp` timestamp NOT NULL default CURRENT_TIMESTAMP on update CURRENT_TIMESTAMP,
  PRIMARY KEY  (`productId`)
) ENGINE=InnoDB DEFAULT CHARSET=utf8;

LOCK TABLES `tblProduct` WRITE;
/*!40000 ALTER TABLE `tblProduct` DISABLE KEYS */;

INSERT INTO `tblProduct` (`productId`, `productName`, `productText`, `productImage`, `productUrl`, `productStoreUrl`, `productTimeStamp`)
VALUES
	(1,'Balance 0.0','','balance00.png','https://www.bedgear.com/','http://www.bedgear.com/shop/','2015-06-03 10:09:53'),
	(3,'Balance 1.0','','balance10.png','https://www.bedgear.com/','http://www.bedgear.com/shop/','2015-06-03 10:10:16'),
	(4,'Twilight','','twilight.png','https://www.bedgear.com/','http://www.bedgear.com/shop/','2015-06-03 10:10:29'),
	(5,'Dawn','','dawn.png','https://www.bedgear.com/','http://www.bedgear.com/shop/','2015-06-03 10:10:37'),
	(6,'Balance 2.0','','balance20.png','https://www.bedgear.com/','http://www.bedgear.com/shop/','2015-06-03 10:10:46'),
	(7,'Balance 3.0','','balance30.png','https://www.bedgear.com/','http://www.bedgear.com/shop/','2015-06-03 10:20:42'),
	(8,'Freestyle 0.0','','Freestyle00.png','https://www.bedgear.com/','http://www.bedgear.com/shop/','2015-06-03 10:21:11'),
	(9,'Freestyle 1.0','','Freestyle10.png','https://www.bedgear.com/','http://www.bedgear.com/shop/','2015-06-03 10:21:19'),
	(10,'Freestyle 2.0','','Freestyle20.png','https://www.bedgear.com/','http://www.bedgear.com/shop/','2015-06-03 10:21:29'),
	(11,'Freestyle 3.0','','Freestyle30.png','https://www.bedgear.com/','http://www.bedgear.com/shop/','2015-06-03 10:21:35'),
	(12,'Dusk','','dusk.png','https://www.bedgear.com/','http://www.bedgear.com/shop/','2015-06-03 10:21:54'),
	(13,'Night','','night.png','https://www.bedgear.com/','http://www.bedgear.com/shop/','2015-06-03 10:22:03'),
	(14,'Mist','','mist.png','https://www.bedgear.com/','http://www.bedgear.com/shop/','2015-06-03 10:22:22'),
	(15,'Thunder','','thunder.png','https://www.bedgear.com/','http://www.bedgear.com/shop/','2015-06-03 10:22:31'),
	(16,'Lightning','','lightning.png','https://www.bedgear.com/','http://www.bedgear.com/shop/','2015-06-03 10:22:42'),
	(17,'Rain','','rain.png','https://www.bedgear.com/','http://www.bedgear.com/shop/','2015-06-03 10:22:51');

/*!40000 ALTER TABLE `tblProduct` ENABLE KEYS */;
UNLOCK TABLES;


# Dump of table tblProfile
# ------------------------------------------------------------

DROP TABLE IF EXISTS `tblProfile`;

CREATE TABLE `tblProfile` (
  `profileId` int(11) NOT NULL auto_increment,
  `surveyUUID` varchar(50) default NULL,
  `profileEmail` varchar(200) default NULL,
  `profileTimeStamp` timestamp NOT NULL default CURRENT_TIMESTAMP on update CURRENT_TIMESTAMP,
  PRIMARY KEY  (`profileId`)
) ENGINE=InnoDB DEFAULT CHARSET=utf8;

LOCK TABLES `tblProfile` WRITE;
/*!40000 ALTER TABLE `tblProfile` DISABLE KEYS */;

INSERT INTO `tblProfile` (`profileId`, `surveyUUID`, `profileEmail`, `profileTimeStamp`)
VALUES
	(1,'b5f2ae03-22b6-4a97-a5fb-4bc509cf53a2','fdfsd','2015-02-23 17:41:15'),
	(2,'b5f2ae03-22b6-4a97-a5fb-4bc509cf53a2','matt@mwilber.com','2015-02-23 17:44:27'),
	(3,'b5f2ae03-22b6-4a97-a5fb-4bc509cf53a2','matt@mwilber.com','2015-02-23 17:45:09'),
	(4,'b5f2ae03-22b6-4a97-a5fb-4bc509cf53a2','matt@mwilber.com','2015-02-23 17:45:14'),
	(5,'94362699-e21b-4fe2-917f-c331806fc2d3','matt+2@mwilber.com','2015-02-23 17:49:04'),
	(6,'c8c979f0-84bc-4fc0-bb39-4824b0c2329f','mr3','2015-02-23 17:59:19'),
	(7,'335699a6-bc98-4725-afbd-ac2eb61f1170','mr4','2015-02-23 18:02:39'),
	(8,'fcb8ec88-b886-4af0-b38d-6d3248dd8cfd','','2015-05-26 13:09:17');

/*!40000 ALTER TABLE `tblProfile` ENABLE KEYS */;
UNLOCK TABLES;


# Dump of table tblQuestion
# ------------------------------------------------------------

DROP TABLE IF EXISTS `tblQuestion`;

CREATE TABLE `tblQuestion` (
  `questionId` int(11) NOT NULL auto_increment,
  `questionNumber` int(11) default NULL,
  `questionText` varchar(255) default NULL,
  `answerId` int(11) NOT NULL default '0' COMMENT 'Link sub question with answer',
  `questionTimeStamp` timestamp NOT NULL default CURRENT_TIMESTAMP on update CURRENT_TIMESTAMP,
  `questionHelp` varchar(2000) default NULL,
  PRIMARY KEY  (`questionId`)
) ENGINE=InnoDB DEFAULT CHARSET=utf8;

LOCK TABLES `tblQuestion` WRITE;
/*!40000 ALTER TABLE `tblQuestion` DISABLE KEYS */;

INSERT INTO `tblQuestion` (`questionId`, `questionNumber`, `questionText`, `answerId`, `questionTimeStamp`, `questionHelp`)
VALUES
	(1,1,'Are you',0,'2015-05-04 16:40:54',NULL),
	(2,3,'<span>What is your</span>sleep position',0,'2015-05-04 16:42:34',NULL),
	(3,2,'<span>What is your</span> Body Type',0,'2015-05-28 11:46:54','Lorem ipsum dolor sit amet, consectetur adipiscing elit. Nullam in leo eu odio lacinia sollicitudin eu nec nulla. Vestibulum eget velit ex. Nam condimentum mauris quis mi tincidunt aliquam. Cras eu semper erat, a pellentesque sem. Proin ullamcorper justo mauris. Vivamus viverra purus justo, vel imperdiet tellus ultricies vitae. Donec mattis nisi tellus, nec iaculis nunc finibus vel. Curabitur auctor urna quis gravida lobortis. Sed ornare mi et lorem imperdiet rhoncus. Praesent elit orci, maximus vel tempor at, faucibus quis purus.'),
	(4,4,'<span>What kind of</span> mattress do you sleep on?',0,'2015-05-04 16:43:04',NULL),
	(5,5,'<span>Body</span> Temperature',0,'2015-05-04 16:43:20',NULL),
	(8,4,'What kind of hybrid mattress?',12,'2015-02-03 10:02:40',NULL),
	(9,3,'<span>In which</span> position <span>do you</span> fall asleep?',6,'2015-06-01 10:53:28',''),
	(10,3,'<span>In which</span> position <span>do you</span> wake up?',33,'2015-06-01 10:53:53',''),
	(11,4,'Adjustible Foundation?',29,'2015-02-04 10:29:16',NULL),
	(12,4,'Adjustible Foundation?',11,'2015-02-04 10:31:42',NULL),
	(13,4,'Adjustible Foundation?',16,'2015-02-04 10:32:28',NULL),
	(14,4,'Adjustible Foundation?',13,'2015-02-04 10:33:33',NULL),
	(15,4,'Adjustible Foundation?',14,'2015-02-04 10:34:23',NULL),
	(16,4,'Adjustible Foundation?',15,'2015-02-04 10:35:08',NULL),
	(17,4,'Adjustible Foundation?',30,'2015-02-04 10:36:01',NULL),
	(18,4,'Adjustible Foundation?',31,'2015-02-04 10:36:44',NULL),
	(19,6,'<span>Any additional</span> Sleep Concerns <span>or</span> Special Cases',0,'2015-05-04 16:43:43',NULL),
	(20,7,'<span>Do you sleep with or use</span> any additional Pillows',0,'2015-05-04 16:44:01',NULL),
	(21,4,'Adjustable Foundation?',37,'2015-05-28 15:27:13','');

/*!40000 ALTER TABLE `tblQuestion` ENABLE KEYS */;
UNLOCK TABLES;


# Dump of table tblResultproduct
# ------------------------------------------------------------

DROP TABLE IF EXISTS `tblResultproduct`;

CREATE TABLE `tblResultproduct` (
  `resultproductId` int(11) NOT NULL auto_increment,
  `resultproductNumber` int(11) default NULL,
  `resultproductBitint` int(11) default NULL,
  `productId` int(11) default NULL,
  `resultproductTimeStamp` timestamp NOT NULL default CURRENT_TIMESTAMP on update CURRENT_TIMESTAMP,
  PRIMARY KEY  (`resultproductId`)
) ENGINE=InnoDB DEFAULT CHARSET=utf8;

LOCK TABLES `tblResultproduct` WRITE;
/*!40000 ALTER TABLE `tblResultproduct` DISABLE KEYS */;

INSERT INTO `tblResultproduct` (`resultproductId`, `resultproductNumber`, `resultproductBitint`, `productId`, `resultproductTimeStamp`)
VALUES
	(1,1,1092,1,'2015-01-29 15:49:08'),
	(2,2,1092,4,'2015-01-29 15:49:37'),
	(3,3,1092,3,'2015-01-29 15:49:50'),
	(4,1,1156,1,'2015-01-29 15:50:21'),
	(5,2,1156,4,'2015-01-29 15:50:39'),
	(6,3,1156,3,'2015-01-29 15:50:53'),
	(7,1,1284,3,'2015-01-29 15:52:46'),
	(8,2,1284,5,'2015-01-29 15:52:57'),
	(9,3,1284,4,'2015-01-29 15:53:12'),
	(13,1,1093,4,'2015-01-30 10:29:04'),
	(14,2,1093,1,'2015-01-30 10:29:04'),
	(15,3,1093,3,'2015-01-30 10:29:04'),
	(16,1,1157,4,'2015-01-30 10:36:37'),
	(17,2,1157,1,'2015-01-30 10:36:37'),
	(18,3,1157,3,'2015-01-30 10:36:37'),
	(19,1,1285,5,'2015-01-30 10:37:25'),
	(20,2,1285,3,'2015-01-30 10:37:25'),
	(21,3,1285,4,'2015-01-30 10:37:25'),
	(22,1,1540,3,'2015-01-30 10:38:15'),
	(23,2,1540,5,'2015-01-30 10:38:15'),
	(24,3,1540,4,'2015-01-30 10:38:15'),
	(25,1,1541,5,'2015-01-30 10:38:34'),
	(26,2,1541,3,'2015-01-30 10:38:34'),
	(27,3,1541,4,'2015-01-30 10:38:34'),
	(28,1,2116,1,'2015-01-30 10:41:51'),
	(29,2,2116,4,'2015-01-30 10:41:51'),
	(30,3,2116,3,'2015-01-30 10:41:51'),
	(31,1,2117,4,'2015-01-30 10:42:44'),
	(32,2,2117,1,'2015-01-30 10:42:44'),
	(33,3,2117,3,'2015-01-30 10:42:44'),
	(34,1,2180,1,'2015-01-30 10:47:30'),
	(35,1,2181,4,'2015-01-30 10:47:30'),
	(36,2,2180,4,'2015-01-30 10:47:30'),
	(37,2,2181,1,'2015-01-30 10:47:30'),
	(38,3,2180,3,'2015-01-30 10:47:30'),
	(39,3,2181,3,'2015-01-30 10:47:30'),
	(40,1,2308,3,'2015-01-30 10:48:30'),
	(41,1,2309,5,'2015-01-30 10:48:30'),
	(42,2,2308,5,'2015-01-30 10:48:30'),
	(43,2,2309,3,'2015-01-30 10:48:30'),
	(44,3,2308,4,'2015-01-30 10:48:30'),
	(45,3,2309,4,'2015-01-30 10:48:30'),
	(46,1,2564,3,'2015-01-30 10:49:31'),
	(47,1,2565,5,'2015-01-30 10:49:31'),
	(48,2,2564,5,'2015-01-30 10:49:31'),
	(49,2,2565,3,'2015-01-30 10:49:31'),
	(50,3,2564,4,'2015-01-30 10:49:31'),
	(51,3,2565,4,'2015-01-30 10:49:31'),
	(52,1,4164,1,'2015-01-30 11:18:38'),
	(53,1,4165,4,'2015-01-30 11:18:38'),
	(54,2,4164,4,'2015-01-30 11:18:38'),
	(55,2,4165,1,'2015-01-30 11:18:38'),
	(56,3,4164,3,'2015-01-30 11:18:38'),
	(57,3,4165,3,'2015-01-30 11:18:38'),
	(76,1,4228,1,'2015-01-30 11:29:37'),
	(77,1,4229,4,'2015-01-30 11:29:38'),
	(78,2,4228,4,'2015-01-30 11:29:38'),
	(79,2,4229,1,'2015-01-30 11:29:38'),
	(80,3,4228,3,'2015-01-30 11:29:38'),
	(81,3,4229,3,'2015-01-30 11:29:38'),
	(82,1,4356,3,'2015-01-30 11:29:56'),
	(83,1,4357,5,'2015-01-30 11:29:56'),
	(84,2,4356,5,'2015-01-30 11:29:56'),
	(85,2,4357,3,'2015-01-30 11:29:56'),
	(86,3,4356,4,'2015-01-30 11:29:56'),
	(87,3,4357,4,'2015-01-30 11:29:56'),
	(88,1,4612,3,'2015-01-30 11:30:27'),
	(89,1,4613,5,'2015-01-30 11:30:27'),
	(90,2,4612,5,'2015-01-30 11:30:27'),
	(91,2,4613,3,'2015-01-30 11:30:27'),
	(92,3,4612,4,'2015-01-30 11:30:27'),
	(93,3,4613,4,'2015-01-30 11:30:27'),
	(94,1,8260,8,'2015-01-30 12:41:03'),
	(95,1,8261,14,'2015-01-30 12:41:03'),
	(96,2,8260,14,'2015-01-30 12:41:03'),
	(97,2,8261,8,'2015-01-30 12:41:03'),
	(98,3,8260,9,'2015-01-30 12:41:03'),
	(99,3,8261,9,'2015-01-30 12:41:03'),
	(100,1,8324,8,'2015-01-30 12:41:45'),
	(101,1,8325,14,'2015-01-30 12:41:45'),
	(102,2,8324,14,'2015-01-30 12:41:45'),
	(103,2,8325,8,'2015-01-30 12:41:45'),
	(104,3,8324,15,'2015-01-30 12:41:45'),
	(105,3,8325,15,'2015-01-30 12:41:45'),
	(106,1,8452,9,'2015-01-30 12:42:29'),
	(107,1,8453,15,'2015-01-30 12:42:29'),
	(108,2,8452,15,'2015-01-30 12:42:29'),
	(109,2,8453,9,'2015-01-30 12:42:29'),
	(110,3,8452,14,'2015-01-30 12:42:29'),
	(111,3,8453,14,'2015-01-30 12:42:30'),
	(112,1,8708,9,'2015-01-30 12:43:18'),
	(113,1,8709,15,'2015-01-30 12:43:18'),
	(114,2,8708,15,'2015-01-30 12:43:18'),
	(115,2,8709,9,'2015-01-30 12:43:18'),
	(116,3,8708,14,'2015-01-30 12:43:19'),
	(117,3,8709,14,'2015-01-30 12:43:19'),
	(118,1,16452,1,'2015-01-30 12:43:58'),
	(119,1,16453,4,'2015-01-30 12:43:58'),
	(120,2,16452,4,'2015-01-30 12:43:58'),
	(121,2,16453,1,'2015-01-30 12:43:58'),
	(122,3,16452,3,'2015-01-30 12:43:58'),
	(123,3,16453,3,'2015-01-30 12:43:58'),
	(124,1,16516,1,'2015-01-30 12:44:48'),
	(125,1,16517,4,'2015-01-30 12:44:48'),
	(126,2,16516,4,'2015-01-30 12:44:48'),
	(127,2,16517,1,'2015-01-30 12:44:48'),
	(128,3,16516,3,'2015-01-30 12:44:48'),
	(129,3,16517,3,'2015-01-30 12:44:48'),
	(130,1,16644,3,'2015-01-30 12:45:28'),
	(131,1,16645,5,'2015-01-30 12:45:28'),
	(132,2,16644,5,'2015-01-30 12:45:28'),
	(133,2,16645,3,'2015-01-30 12:45:28'),
	(134,3,16644,4,'2015-01-30 12:45:28'),
	(135,3,16645,4,'2015-01-30 12:45:28'),
	(136,1,16900,3,'2015-01-30 12:46:03'),
	(137,1,16901,5,'2015-01-30 12:46:03'),
	(138,2,16900,5,'2015-01-30 12:46:03'),
	(139,2,16901,3,'2015-01-30 12:46:03'),
	(140,3,16900,4,'2015-01-30 12:46:03'),
	(141,3,16901,4,'2015-01-30 12:46:03'),
	(142,1,32836,1,'2015-01-30 13:14:53'),
	(143,1,32837,4,'2015-01-30 13:14:53'),
	(144,2,32836,4,'2015-01-30 13:14:53'),
	(145,2,32837,1,'2015-01-30 13:14:53'),
	(146,3,32836,3,'2015-01-30 13:14:53'),
	(147,3,32837,3,'2015-01-30 13:14:53'),
	(148,1,32900,1,'2015-01-30 13:15:18'),
	(149,1,32901,4,'2015-01-30 13:15:18'),
	(150,2,32900,4,'2015-01-30 13:15:18'),
	(151,2,32901,1,'2015-01-30 13:15:18'),
	(152,3,32900,3,'2015-01-30 13:15:18'),
	(153,3,32901,3,'2015-01-30 13:15:18'),
	(154,1,33028,3,'2015-01-30 13:15:59'),
	(155,1,33029,5,'2015-01-30 13:15:59'),
	(156,2,33028,5,'2015-01-30 13:15:59'),
	(157,2,33029,3,'2015-01-30 13:15:59'),
	(158,3,33028,4,'2015-01-30 13:15:59'),
	(159,3,33029,4,'2015-01-30 13:15:59'),
	(160,1,33284,3,'2015-01-30 13:16:20'),
	(161,1,33285,5,'2015-01-30 13:16:20'),
	(162,2,33284,5,'2015-01-30 13:16:21'),
	(163,2,33285,3,'2015-01-30 13:16:21'),
	(164,3,33284,4,'2015-01-30 13:16:21'),
	(165,3,33285,4,'2015-01-30 13:16:21'),
	(166,1,65604,1,'2015-01-30 13:16:50'),
	(167,1,65605,4,'2015-01-30 13:16:50'),
	(168,2,65604,4,'2015-01-30 13:16:50'),
	(169,2,65605,1,'2015-01-30 13:16:50'),
	(170,3,65604,3,'2015-01-30 13:16:50'),
	(171,3,65605,3,'2015-01-30 13:16:50'),
	(172,1,65668,1,'2015-01-30 13:17:13'),
	(173,1,65669,4,'2015-01-30 13:17:13'),
	(174,2,65668,4,'2015-01-30 13:17:13'),
	(175,2,65669,1,'2015-01-30 13:17:13'),
	(176,3,65668,3,'2015-01-30 13:17:13'),
	(177,3,65669,3,'2015-01-30 13:17:13'),
	(178,1,65796,3,'2015-01-30 13:17:40'),
	(179,1,65797,5,'2015-01-30 13:17:41'),
	(180,2,65796,5,'2015-01-30 13:17:41'),
	(181,2,65797,3,'2015-01-30 13:17:41'),
	(182,3,65796,4,'2015-01-30 13:17:41'),
	(183,3,65797,4,'2015-01-30 13:17:41'),
	(184,1,66052,3,'2015-01-30 13:18:03'),
	(185,1,66053,5,'2015-01-30 13:18:03'),
	(186,2,66052,5,'2015-01-30 13:18:03'),
	(187,2,66053,3,'2015-01-30 13:18:03'),
	(188,3,66052,4,'2015-01-30 13:18:03'),
	(189,3,66053,4,'2015-01-30 13:18:03'),
	(190,1,1096,1,'2015-02-02 16:49:38'),
	(191,1,1097,4,'2015-02-02 16:49:38'),
	(192,2,1096,4,'2015-02-02 16:49:38'),
	(193,2,1097,1,'2015-02-02 16:49:38'),
	(194,3,1096,5,'2015-02-02 16:49:38'),
	(195,3,1097,5,'2015-02-02 16:49:38'),
	(196,1,1160,3,'2015-02-02 16:50:01'),
	(197,1,1161,5,'2015-02-02 16:50:01'),
	(198,2,1160,5,'2015-02-02 16:50:01'),
	(199,2,1161,3,'2015-02-02 16:50:02'),
	(200,3,1160,4,'2015-02-02 16:50:02'),
	(201,3,1161,4,'2015-02-02 16:50:02'),
	(202,1,1288,6,'2015-02-02 16:51:20'),
	(203,1,1289,12,'2015-02-02 16:51:21'),
	(204,2,1288,12,'2015-02-02 16:51:21'),
	(205,2,1289,6,'2015-02-02 16:51:21'),
	(206,3,1288,3,'2015-02-02 16:51:21'),
	(207,3,1289,3,'2015-02-02 16:51:21'),
	(208,1,1544,6,'2015-02-02 16:51:53'),
	(209,1,1545,12,'2015-02-02 16:51:53'),
	(210,2,1544,12,'2015-02-02 16:51:54'),
	(211,2,1545,6,'2015-02-02 16:51:54'),
	(212,3,1544,3,'2015-02-02 16:51:54'),
	(213,3,1545,3,'2015-02-02 16:51:54'),
	(214,1,2120,1,'2015-02-02 16:52:10'),
	(215,1,2121,4,'2015-02-02 16:52:10'),
	(216,2,2120,4,'2015-02-02 16:52:11'),
	(217,2,2121,1,'2015-02-02 16:52:11'),
	(218,3,2120,5,'2015-02-02 16:52:11'),
	(219,3,2121,5,'2015-02-02 16:52:11'),
	(220,1,2184,3,'2015-02-02 16:52:32'),
	(221,1,2185,5,'2015-02-02 16:52:32'),
	(222,2,2184,5,'2015-02-02 16:52:32'),
	(223,2,2185,3,'2015-02-02 16:52:32'),
	(224,3,2184,4,'2015-02-02 16:52:32'),
	(225,3,2185,4,'2015-02-02 16:52:32'),
	(226,1,2312,6,'2015-02-02 16:52:56'),
	(227,1,2313,12,'2015-02-02 16:52:56'),
	(228,2,2312,12,'2015-02-02 16:52:56'),
	(229,2,2313,6,'2015-02-02 16:52:56'),
	(230,3,2312,3,'2015-02-02 16:52:57'),
	(231,3,2313,3,'2015-02-02 16:52:57'),
	(232,1,2568,6,'2015-02-02 16:53:18'),
	(233,1,2569,12,'2015-02-02 16:53:18'),
	(234,2,2568,12,'2015-02-02 16:53:18'),
	(235,2,2569,6,'2015-02-02 16:53:18'),
	(236,3,2568,3,'2015-02-02 16:53:18'),
	(237,3,2569,3,'2015-02-02 16:53:18'),
	(238,1,4168,1,'2015-02-02 16:53:42'),
	(239,1,4169,4,'2015-02-02 16:53:42'),
	(240,2,4168,4,'2015-02-02 16:53:42'),
	(241,2,4169,1,'2015-02-02 16:53:42'),
	(242,3,4168,5,'2015-02-02 16:53:42'),
	(243,3,4169,5,'2015-02-02 16:53:42'),
	(244,1,4232,3,'2015-02-02 16:54:00'),
	(245,1,4233,12,'2015-02-02 16:54:00'),
	(246,2,4232,12,'2015-02-02 16:54:00'),
	(247,2,4233,3,'2015-02-02 16:54:00'),
	(248,3,4232,4,'2015-02-02 16:54:00'),
	(249,3,4233,4,'2015-02-02 16:54:00'),
	(250,1,4360,6,'2015-02-02 16:54:22'),
	(251,1,4361,12,'2015-02-02 16:54:22'),
	(252,2,4360,12,'2015-02-02 16:54:22'),
	(253,2,4361,6,'2015-02-02 16:54:22'),
	(254,3,4360,3,'2015-02-02 16:54:22'),
	(255,3,4361,3,'2015-02-02 16:54:22'),
	(256,1,4616,6,'2015-02-02 16:54:41'),
	(257,1,4617,12,'2015-02-02 16:54:41'),
	(258,2,4616,12,'2015-02-02 16:54:41'),
	(259,2,4617,6,'2015-02-02 16:54:41'),
	(260,3,4616,3,'2015-02-02 16:54:41'),
	(261,3,4617,3,'2015-02-02 16:54:41'),
	(262,1,8264,8,'2015-02-02 16:55:08'),
	(263,1,8265,14,'2015-02-02 16:55:08'),
	(264,2,8264,14,'2015-02-02 16:55:08'),
	(265,2,8265,8,'2015-02-02 16:55:08'),
	(266,3,8264,9,'2015-02-02 16:55:08'),
	(267,3,8265,9,'2015-02-02 16:55:09'),
	(268,1,8328,9,'2015-02-02 16:55:32'),
	(269,1,8329,15,'2015-02-02 16:55:32'),
	(270,2,8328,15,'2015-02-02 16:55:32'),
	(271,2,8329,9,'2015-02-02 16:55:32'),
	(272,3,8328,14,'2015-02-02 16:55:32'),
	(273,3,8329,14,'2015-02-02 16:55:32'),
	(274,1,8456,10,'2015-02-02 16:56:36'),
	(275,1,8457,16,'2015-02-02 16:56:36'),
	(276,2,8456,16,'2015-02-02 16:56:36'),
	(277,2,8457,10,'2015-02-02 16:56:36'),
	(278,3,8456,9,'2015-02-02 16:56:36'),
	(279,3,8457,9,'2015-02-02 16:56:36'),
	(280,1,8712,10,'2015-02-02 16:57:02'),
	(281,1,8713,16,'2015-02-02 16:57:02'),
	(282,2,8712,16,'2015-02-02 16:57:02'),
	(283,2,8713,10,'2015-02-02 16:57:02'),
	(284,3,8712,15,'2015-02-02 16:57:02'),
	(285,3,8713,15,'2015-02-02 16:57:02'),
	(286,1,16456,1,'2015-02-02 16:57:26'),
	(287,1,16457,4,'2015-02-02 16:57:26'),
	(288,2,16456,4,'2015-02-02 16:57:26'),
	(289,2,16457,1,'2015-02-02 16:57:26'),
	(290,3,16456,5,'2015-02-02 16:57:26'),
	(291,3,16457,5,'2015-02-02 16:57:27'),
	(292,1,16520,3,'2015-02-02 16:57:49'),
	(293,1,16521,5,'2015-02-02 16:57:49'),
	(294,2,16520,5,'2015-02-02 16:57:49'),
	(295,2,16521,3,'2015-02-02 16:57:49'),
	(296,3,16520,4,'2015-02-02 16:57:49'),
	(297,3,16521,4,'2015-02-02 16:57:49'),
	(298,1,16648,6,'2015-02-02 16:58:15'),
	(299,1,16649,12,'2015-02-02 16:58:16'),
	(300,2,16648,12,'2015-02-02 16:58:16'),
	(301,2,16649,6,'2015-02-02 16:58:16'),
	(302,3,16648,3,'2015-02-02 16:58:16'),
	(303,3,16649,3,'2015-02-02 16:58:16'),
	(304,1,16904,6,'2015-02-02 16:58:39'),
	(305,1,16905,12,'2015-02-02 16:58:39'),
	(306,2,16904,12,'2015-02-02 16:58:39'),
	(307,2,16905,6,'2015-02-02 16:58:39'),
	(308,3,16904,3,'2015-02-02 16:58:39'),
	(309,3,16905,3,'2015-02-02 16:58:40'),
	(310,1,32840,1,'2015-02-02 16:59:01'),
	(311,1,32841,5,'2015-02-02 16:59:01'),
	(312,2,32840,5,'2015-02-02 16:59:01'),
	(313,2,32841,1,'2015-02-02 16:59:01'),
	(314,3,32840,4,'2015-02-02 16:59:01'),
	(315,3,32841,4,'2015-02-02 16:59:01'),
	(316,1,32904,3,'2015-02-02 16:59:43'),
	(317,1,32905,12,'2015-02-02 16:59:44'),
	(318,2,32904,12,'2015-02-02 16:59:44'),
	(319,2,32905,3,'2015-02-02 16:59:44'),
	(320,3,32904,4,'2015-02-02 16:59:44'),
	(321,3,32905,4,'2015-02-02 16:59:44'),
	(322,1,33032,6,'2015-02-02 17:00:02'),
	(323,1,33033,12,'2015-02-02 17:00:02'),
	(324,2,33032,12,'2015-02-02 17:00:02'),
	(325,2,33033,6,'2015-02-02 17:00:02'),
	(326,3,33032,3,'2015-02-02 17:00:02'),
	(327,3,33033,3,'2015-02-02 17:00:02'),
	(328,1,33288,6,'2015-02-02 17:00:36'),
	(329,1,33289,12,'2015-02-02 17:00:36'),
	(330,2,33288,12,'2015-02-02 17:00:36'),
	(331,2,33289,6,'2015-02-02 17:00:36'),
	(332,3,33288,3,'2015-02-02 17:00:36'),
	(333,3,33289,3,'2015-02-02 17:00:36'),
	(334,1,65608,1,'2015-02-02 17:01:06'),
	(335,1,65609,4,'2015-02-02 17:01:07'),
	(336,2,65608,4,'2015-02-02 17:01:07'),
	(337,2,65609,1,'2015-02-02 17:01:07'),
	(338,3,65608,5,'2015-02-02 17:01:07'),
	(339,3,65609,5,'2015-02-02 17:01:07'),
	(340,1,65672,3,'2015-02-02 17:01:25'),
	(341,1,65673,12,'2015-02-02 17:01:25'),
	(342,2,65672,12,'2015-02-02 17:01:25'),
	(343,2,65673,3,'2015-02-02 17:01:25'),
	(344,3,65672,4,'2015-02-02 17:01:25'),
	(345,3,65673,4,'2015-02-02 17:01:25'),
	(346,1,65800,6,'2015-02-02 17:01:54'),
	(347,1,65801,12,'2015-02-02 17:01:54'),
	(348,2,65800,12,'2015-02-02 17:01:54'),
	(349,2,65801,6,'2015-02-02 17:01:54'),
	(350,3,65800,3,'2015-02-02 17:01:54'),
	(351,3,65801,3,'2015-02-02 17:01:54'),
	(352,1,66056,6,'2015-02-02 17:02:18'),
	(353,1,66057,12,'2015-02-02 17:02:18'),
	(354,2,66056,12,'2015-02-02 17:02:18'),
	(355,2,66057,6,'2015-02-02 17:02:18'),
	(356,3,66056,3,'2015-02-02 17:02:18'),
	(357,3,66057,3,'2015-02-02 17:02:18'),
	(358,1,1104,1,'2015-02-02 17:02:53'),
	(359,1,1105,4,'2015-02-02 17:02:53'),
	(360,2,1104,4,'2015-02-02 17:02:53'),
	(361,2,1105,1,'2015-02-02 17:02:53'),
	(362,3,1104,5,'2015-02-02 17:02:53'),
	(363,3,1105,5,'2015-02-02 17:02:53'),
	(364,1,1168,3,'2015-02-02 17:03:14'),
	(365,1,1169,5,'2015-02-02 17:03:14'),
	(366,2,1168,5,'2015-02-02 17:03:14'),
	(367,2,1169,3,'2015-02-02 17:03:14'),
	(368,3,1168,12,'2015-02-02 17:03:15'),
	(369,3,1169,12,'2015-02-02 17:03:15'),
	(370,1,1296,6,'2015-02-02 17:03:48'),
	(371,1,1297,12,'2015-02-02 17:03:48'),
	(372,2,1296,12,'2015-02-02 17:03:48'),
	(373,2,1297,6,'2015-02-02 17:03:48'),
	(374,3,1296,3,'2015-02-02 17:03:49'),
	(375,3,1297,3,'2015-02-02 17:03:49'),
	(376,1,1552,7,'2015-02-02 17:04:15'),
	(377,1,1553,13,'2015-02-02 17:04:15'),
	(378,2,1552,13,'2015-02-02 17:04:15'),
	(379,2,1553,7,'2015-02-02 17:04:15'),
	(380,3,1552,6,'2015-02-02 17:04:15'),
	(381,3,1553,6,'2015-02-02 17:04:15'),
	(382,1,2128,1,'2015-02-02 17:04:58'),
	(383,1,2129,4,'2015-02-02 17:04:58'),
	(384,2,2128,4,'2015-02-02 17:04:58'),
	(385,2,2129,1,'2015-02-02 17:04:58'),
	(386,3,2128,5,'2015-02-02 17:04:58'),
	(387,3,2129,5,'2015-02-02 17:04:58'),
	(388,1,2192,3,'2015-02-02 17:05:17'),
	(389,1,2193,5,'2015-02-02 17:05:17'),
	(390,2,2192,5,'2015-02-02 17:05:17'),
	(391,2,2193,3,'2015-02-02 17:05:17'),
	(392,3,2192,12,'2015-02-02 17:05:17'),
	(393,3,2193,12,'2015-02-02 17:05:17'),
	(394,1,2320,6,'2015-02-02 17:05:37'),
	(395,1,2321,12,'2015-02-02 17:05:37'),
	(396,2,2320,12,'2015-02-02 17:05:37'),
	(397,2,2321,6,'2015-02-02 17:05:37'),
	(398,3,2320,3,'2015-02-02 17:05:37'),
	(399,3,2321,3,'2015-02-02 17:05:37'),
	(400,1,2576,7,'2015-02-02 17:05:59'),
	(401,1,2577,13,'2015-02-02 17:05:59'),
	(402,2,2576,13,'2015-02-02 17:05:59'),
	(403,2,2577,7,'2015-02-02 17:05:59'),
	(404,3,2576,6,'2015-02-02 17:05:59'),
	(405,3,2577,6,'2015-02-02 17:05:59'),
	(406,1,4176,1,'2015-02-02 17:06:22'),
	(407,1,4177,4,'2015-02-02 17:06:22'),
	(408,2,4176,4,'2015-02-02 17:06:22'),
	(409,2,4177,1,'2015-02-02 17:06:22'),
	(410,3,4176,5,'2015-02-02 17:06:22'),
	(411,3,4177,5,'2015-02-02 17:06:22'),
	(412,1,4240,3,'2015-02-02 17:06:48'),
	(413,1,4241,5,'2015-02-02 17:06:48'),
	(414,2,4240,5,'2015-02-02 17:06:48'),
	(415,2,4241,3,'2015-02-02 17:06:48'),
	(416,3,4240,12,'2015-02-02 17:06:48'),
	(417,3,4241,12,'2015-02-02 17:06:48'),
	(418,1,4368,6,'2015-02-02 17:07:10'),
	(419,1,4369,12,'2015-02-02 17:07:10'),
	(420,2,4368,12,'2015-02-02 17:07:10'),
	(421,2,4369,6,'2015-02-02 17:07:10'),
	(422,3,4368,3,'2015-02-02 17:07:10'),
	(423,3,4369,3,'2015-02-02 17:07:10'),
	(424,1,4624,7,'2015-02-02 17:07:34'),
	(425,1,4625,13,'2015-02-02 17:07:34'),
	(426,2,4624,13,'2015-02-02 17:07:34'),
	(427,2,4625,7,'2015-02-02 17:07:34'),
	(428,3,4624,6,'2015-02-02 17:07:34'),
	(429,3,4625,6,'2015-02-02 17:07:34'),
	(430,1,8272,8,'2015-02-02 17:08:03'),
	(431,1,8273,14,'2015-02-02 17:08:03'),
	(432,2,8272,14,'2015-02-02 17:08:03'),
	(433,2,8273,8,'2015-02-02 17:08:03'),
	(434,3,8272,9,'2015-02-02 17:08:03'),
	(435,3,8273,9,'2015-02-02 17:08:03'),
	(436,1,8336,9,'2015-02-02 17:08:24'),
	(437,1,8337,15,'2015-02-02 17:08:24'),
	(438,2,8336,15,'2015-02-02 17:08:24'),
	(439,2,8337,9,'2015-02-02 17:08:24'),
	(440,3,8336,14,'2015-02-02 17:08:24'),
	(441,3,8337,14,'2015-02-02 17:08:24'),
	(442,1,8464,10,'2015-02-02 17:08:50'),
	(443,1,8465,16,'2015-02-02 17:08:51'),
	(444,2,8464,16,'2015-02-02 17:08:51'),
	(445,2,8465,10,'2015-02-02 17:08:51'),
	(446,3,8464,11,'2015-02-02 17:08:51'),
	(447,3,8465,11,'2015-02-02 17:08:51'),
	(448,1,8720,11,'2015-02-02 17:09:16'),
	(449,1,8721,17,'2015-02-02 17:09:16'),
	(450,2,8720,17,'2015-02-02 17:09:16'),
	(451,2,8721,11,'2015-02-02 17:09:16'),
	(452,3,8720,16,'2015-02-02 17:09:16'),
	(453,3,8721,16,'2015-02-02 17:09:16'),
	(454,1,16464,1,'2015-02-02 17:09:42'),
	(455,1,16465,4,'2015-02-02 17:09:42'),
	(456,2,16464,4,'2015-02-02 17:09:42'),
	(457,2,16465,1,'2015-02-02 17:09:42'),
	(458,3,16464,5,'2015-02-02 17:09:42'),
	(459,3,16465,5,'2015-02-02 17:09:42'),
	(460,1,16528,3,'2015-02-02 17:10:03'),
	(461,1,16529,5,'2015-02-02 17:10:03'),
	(462,2,16528,5,'2015-02-02 17:10:03'),
	(463,2,16529,3,'2015-02-02 17:10:03'),
	(464,3,16528,12,'2015-02-02 17:10:03'),
	(465,3,16529,12,'2015-02-02 17:10:03'),
	(466,1,16656,6,'2015-02-02 17:10:28'),
	(467,1,16657,12,'2015-02-02 17:10:28'),
	(468,2,16656,12,'2015-02-02 17:10:29'),
	(469,2,16657,6,'2015-02-02 17:10:29'),
	(470,3,16656,3,'2015-02-02 17:10:29'),
	(471,3,16657,3,'2015-02-02 17:10:29'),
	(472,1,16912,7,'2015-02-02 17:10:48'),
	(473,1,16913,13,'2015-02-02 17:10:48'),
	(474,2,16912,13,'2015-02-02 17:10:48'),
	(475,2,16913,7,'2015-02-02 17:10:49'),
	(476,3,16912,6,'2015-02-02 17:10:49'),
	(477,3,16913,6,'2015-02-02 17:10:49'),
	(478,1,32848,1,'2015-02-02 17:21:26'),
	(479,1,32849,4,'2015-02-02 17:21:26'),
	(480,2,32848,4,'2015-02-02 17:21:26'),
	(481,2,32849,1,'2015-02-02 17:21:26'),
	(482,3,32848,5,'2015-02-02 17:21:26'),
	(483,3,32849,5,'2015-02-02 17:21:26'),
	(484,1,32912,3,'2015-02-02 17:21:52'),
	(485,1,32913,5,'2015-02-02 17:21:52'),
	(486,2,32912,5,'2015-02-02 17:21:52'),
	(487,2,32913,3,'2015-02-02 17:21:52'),
	(488,3,32912,12,'2015-02-02 17:21:52'),
	(489,3,32913,12,'2015-02-02 17:21:52'),
	(490,1,33040,6,'2015-02-02 17:22:20'),
	(491,1,33041,12,'2015-02-02 17:22:20'),
	(492,2,33040,12,'2015-02-02 17:22:20'),
	(493,2,33041,6,'2015-02-02 17:22:20'),
	(494,3,33040,3,'2015-02-02 17:22:20'),
	(495,3,33041,3,'2015-02-02 17:22:20'),
	(496,1,33296,7,'2015-02-02 17:22:59'),
	(497,1,33297,13,'2015-02-02 17:22:59'),
	(498,2,33296,13,'2015-02-02 17:22:59'),
	(499,2,33297,7,'2015-02-02 17:22:59'),
	(500,3,33296,6,'2015-02-02 17:22:59'),
	(501,3,33297,6,'2015-02-02 17:22:59'),
	(502,1,65616,1,'2015-02-02 17:23:18'),
	(503,1,65617,4,'2015-02-02 17:23:18'),
	(504,2,65616,4,'2015-02-02 17:23:18'),
	(505,2,65617,1,'2015-02-02 17:23:18'),
	(506,3,65616,5,'2015-02-02 17:23:18'),
	(507,3,65617,5,'2015-02-02 17:23:18'),
	(508,1,65680,3,'2015-02-02 17:23:49'),
	(509,1,65681,5,'2015-02-02 17:23:49'),
	(510,2,65680,5,'2015-02-02 17:23:49'),
	(511,2,65681,3,'2015-02-02 17:23:49'),
	(512,3,65680,12,'2015-02-02 17:23:49'),
	(513,3,65681,12,'2015-02-02 17:23:49'),
	(514,1,65808,6,'2015-02-02 17:24:14'),
	(515,1,65809,12,'2015-02-02 17:24:15'),
	(516,2,65808,12,'2015-02-02 17:24:15'),
	(517,2,65809,6,'2015-02-02 17:24:15'),
	(518,3,65808,3,'2015-02-02 17:24:15'),
	(519,3,65809,3,'2015-02-02 17:24:15'),
	(520,1,66064,7,'2015-02-02 17:24:41'),
	(521,1,66065,13,'2015-02-02 17:24:41'),
	(522,2,66064,13,'2015-02-02 17:24:41'),
	(523,2,66065,7,'2015-02-02 17:24:41'),
	(524,3,66064,6,'2015-02-02 17:24:41'),
	(525,3,66065,6,'2015-02-02 17:24:41'),
	(526,1,1120,1,'2015-02-04 10:06:04'),
	(527,1,1121,4,'2015-02-04 10:06:04'),
	(528,2,1120,4,'2015-02-04 10:06:04'),
	(529,2,1121,1,'2015-02-04 10:06:04'),
	(530,3,1120,5,'2015-02-04 10:06:04'),
	(531,3,1121,5,'2015-02-04 10:06:04'),
	(532,1,1184,3,'2015-02-04 10:06:28'),
	(533,1,1185,5,'2015-02-04 10:06:28'),
	(534,2,1184,5,'2015-02-04 10:06:28'),
	(535,2,1185,3,'2015-02-04 10:06:28'),
	(536,3,1184,12,'2015-02-04 10:06:28'),
	(537,3,1185,12,'2015-02-04 10:06:28'),
	(538,1,1312,6,'2015-02-04 10:06:48'),
	(539,1,1313,12,'2015-02-04 10:06:48'),
	(540,2,1312,12,'2015-02-04 10:06:49'),
	(541,2,1313,6,'2015-02-04 10:06:49'),
	(542,3,1312,3,'2015-02-04 10:06:49'),
	(543,3,1313,3,'2015-02-04 10:06:49'),
	(544,1,1568,7,'2015-02-04 10:07:12'),
	(545,1,1569,13,'2015-02-04 10:07:12'),
	(546,2,1568,13,'2015-02-04 10:07:12'),
	(547,2,1569,7,'2015-02-04 10:07:12'),
	(548,3,1568,6,'2015-02-04 10:07:12'),
	(549,3,1569,6,'2015-02-04 10:07:12'),
	(550,1,2144,1,'2015-02-04 10:07:53'),
	(551,1,2145,4,'2015-02-04 10:07:53'),
	(552,2,2144,4,'2015-02-04 10:07:53'),
	(553,2,2145,1,'2015-02-04 10:07:53'),
	(554,3,2144,5,'2015-02-04 10:07:53'),
	(555,3,2145,5,'2015-02-04 10:07:53'),
	(556,1,2208,3,'2015-02-04 10:08:15'),
	(557,1,2209,5,'2015-02-04 10:08:15'),
	(558,2,2208,5,'2015-02-04 10:08:15'),
	(559,2,2209,3,'2015-02-04 10:08:15'),
	(560,3,2208,12,'2015-02-04 10:08:16'),
	(561,3,2209,12,'2015-02-04 10:08:16'),
	(562,1,2336,6,'2015-02-04 10:08:37'),
	(563,1,2337,12,'2015-02-04 10:08:37'),
	(564,2,2336,12,'2015-02-04 10:08:37'),
	(565,2,2337,6,'2015-02-04 10:08:37'),
	(566,3,2336,3,'2015-02-04 10:08:37'),
	(567,3,2337,3,'2015-02-04 10:08:37'),
	(568,1,2592,7,'2015-02-04 10:09:06'),
	(569,1,2593,13,'2015-02-04 10:09:06'),
	(570,2,2592,13,'2015-02-04 10:09:06'),
	(571,2,2593,7,'2015-02-04 10:09:07'),
	(572,3,2592,6,'2015-02-04 10:09:07'),
	(573,3,2593,6,'2015-02-04 10:09:07'),
	(574,1,4192,1,'2015-02-04 10:09:27'),
	(575,1,4193,4,'2015-02-04 10:09:27'),
	(576,2,4192,4,'2015-02-04 10:09:27'),
	(577,2,4193,1,'2015-02-04 10:09:27'),
	(578,3,4192,5,'2015-02-04 10:09:27'),
	(579,3,4193,5,'2015-02-04 10:09:27'),
	(580,1,4256,3,'2015-02-04 10:09:47'),
	(581,1,4257,5,'2015-02-04 10:09:47'),
	(582,2,4256,5,'2015-02-04 10:09:47'),
	(583,2,4257,3,'2015-02-04 10:09:47'),
	(584,3,4256,12,'2015-02-04 10:09:47'),
	(585,3,4257,12,'2015-02-04 10:09:47'),
	(586,1,4384,6,'2015-02-04 10:10:10'),
	(587,1,4385,12,'2015-02-04 10:10:10'),
	(588,2,4384,12,'2015-02-04 10:10:10'),
	(589,2,4385,6,'2015-02-04 10:10:10'),
	(590,3,4384,3,'2015-02-04 10:10:10'),
	(591,3,4385,3,'2015-02-04 10:10:10'),
	(592,1,4640,7,'2015-02-04 10:10:37'),
	(593,1,4641,13,'2015-02-04 10:10:37'),
	(594,2,4640,13,'2015-02-04 10:10:37'),
	(595,2,4641,7,'2015-02-04 10:10:37'),
	(596,3,4640,6,'2015-02-04 10:10:37'),
	(597,3,4641,6,'2015-02-04 10:10:37'),
	(598,1,8288,8,'2015-02-04 10:11:02'),
	(599,1,8289,14,'2015-02-04 10:11:02'),
	(600,2,8288,14,'2015-02-04 10:11:02'),
	(601,2,8289,8,'2015-02-04 10:11:02'),
	(602,3,8288,9,'2015-02-04 10:11:02'),
	(603,3,8289,9,'2015-02-04 10:11:02'),
	(604,1,8352,9,'2015-02-04 10:11:28'),
	(605,1,8353,15,'2015-02-04 10:11:28'),
	(606,2,8352,15,'2015-02-04 10:11:28'),
	(607,2,8353,9,'2015-02-04 10:11:28'),
	(608,3,8352,14,'2015-02-04 10:11:28'),
	(609,3,8353,14,'2015-02-04 10:11:28'),
	(610,1,8480,10,'2015-02-04 10:11:54'),
	(611,1,8481,16,'2015-02-04 10:11:54'),
	(612,2,8480,16,'2015-02-04 10:11:54'),
	(613,2,8481,10,'2015-02-04 10:11:54'),
	(614,3,8480,11,'2015-02-04 10:11:54'),
	(615,3,8481,11,'2015-02-04 10:11:54'),
	(616,1,8736,11,'2015-02-04 10:12:17'),
	(617,1,8737,17,'2015-02-04 10:12:17'),
	(618,2,8736,17,'2015-02-04 10:12:17'),
	(619,2,8737,11,'2015-02-04 10:12:17'),
	(620,3,8736,16,'2015-02-04 10:12:17'),
	(621,3,8737,16,'2015-02-04 10:12:17'),
	(622,1,16480,1,'2015-02-04 10:12:58'),
	(623,1,16481,4,'2015-02-04 10:12:58'),
	(624,2,16480,4,'2015-02-04 10:12:58'),
	(625,2,16481,1,'2015-02-04 10:12:58'),
	(626,3,16480,5,'2015-02-04 10:12:58'),
	(627,3,16481,5,'2015-02-04 10:12:58'),
	(628,1,16544,3,'2015-02-04 10:13:22'),
	(629,1,16545,5,'2015-02-04 10:13:22'),
	(630,2,16544,5,'2015-02-04 10:13:22'),
	(631,2,16545,3,'2015-02-04 10:13:22'),
	(632,3,16544,12,'2015-02-04 10:13:22'),
	(633,3,16545,12,'2015-02-04 10:13:22'),
	(634,1,16672,6,'2015-02-04 10:13:55'),
	(635,1,16673,12,'2015-02-04 10:13:55'),
	(636,2,16672,12,'2015-02-04 10:13:55'),
	(637,2,16673,6,'2015-02-04 10:13:55'),
	(638,3,16672,3,'2015-02-04 10:13:55'),
	(639,3,16673,3,'2015-02-04 10:13:55'),
	(640,1,16928,7,'2015-02-04 10:14:22'),
	(641,1,16929,13,'2015-02-04 10:14:23'),
	(642,2,16928,13,'2015-02-04 10:14:23'),
	(643,2,16929,7,'2015-02-04 10:14:23'),
	(644,3,16928,6,'2015-02-04 10:14:23'),
	(645,3,16929,6,'2015-02-04 10:14:23'),
	(646,1,32864,1,'2015-02-04 10:15:19'),
	(647,1,32865,4,'2015-02-04 10:15:19'),
	(648,2,32864,4,'2015-02-04 10:15:19'),
	(649,2,32865,1,'2015-02-04 10:15:19'),
	(650,3,32864,5,'2015-02-04 10:15:20'),
	(651,3,32865,5,'2015-02-04 10:15:20'),
	(652,1,32928,3,'2015-02-04 10:15:50'),
	(653,1,32929,5,'2015-02-04 10:15:50'),
	(654,2,32928,5,'2015-02-04 10:15:50'),
	(655,2,32929,3,'2015-02-04 10:15:51'),
	(656,3,32928,12,'2015-02-04 10:15:51'),
	(657,3,32929,12,'2015-02-04 10:15:51'),
	(658,1,33056,6,'2015-02-04 10:16:31'),
	(659,1,33057,12,'2015-02-04 10:16:32'),
	(660,2,33056,12,'2015-02-04 10:16:32'),
	(661,2,33057,6,'2015-02-04 10:16:32'),
	(662,3,33056,3,'2015-02-04 10:16:32'),
	(663,3,33057,3,'2015-02-04 10:16:32'),
	(664,1,33312,7,'2015-02-04 10:17:08'),
	(665,1,33313,13,'2015-02-04 10:17:08'),
	(666,2,33312,13,'2015-02-04 10:17:08'),
	(667,2,33313,7,'2015-02-04 10:17:08'),
	(668,3,33312,6,'2015-02-04 10:17:08'),
	(669,3,33313,6,'2015-02-04 10:17:08'),
	(670,1,65632,1,'2015-02-04 10:17:29'),
	(671,1,65633,4,'2015-02-04 10:17:29'),
	(672,2,65632,4,'2015-02-04 10:17:29'),
	(673,2,65633,1,'2015-02-04 10:17:29'),
	(674,3,65632,5,'2015-02-04 10:17:29'),
	(675,3,65633,5,'2015-02-04 10:17:29'),
	(676,1,65696,3,'2015-02-04 10:18:01'),
	(677,1,65697,5,'2015-02-04 10:18:01'),
	(678,2,65696,5,'2015-02-04 10:18:01'),
	(679,2,65697,3,'2015-02-04 10:18:01'),
	(680,3,65696,12,'2015-02-04 10:18:01'),
	(681,3,65697,12,'2015-02-04 10:18:01'),
	(682,1,65824,6,'2015-02-04 10:18:28'),
	(683,1,65825,12,'2015-02-04 10:18:28'),
	(684,2,65824,12,'2015-02-04 10:18:28'),
	(685,2,65825,6,'2015-02-04 10:18:29'),
	(686,3,65824,3,'2015-02-04 10:18:29'),
	(687,3,65825,3,'2015-02-04 10:18:29'),
	(688,1,66080,7,'2015-02-04 10:18:53'),
	(689,1,66081,13,'2015-02-04 10:18:53'),
	(690,2,66080,13,'2015-02-04 10:18:53'),
	(691,2,66081,7,'2015-02-04 10:18:53'),
	(692,3,66080,6,'2015-02-04 10:18:53'),
	(693,3,66081,6,'2015-02-04 10:18:53');

/*!40000 ALTER TABLE `tblResultproduct` ENABLE KEYS */;
UNLOCK TABLES;


# Dump of table tblSurvey
# ------------------------------------------------------------

DROP TABLE IF EXISTS `tblSurvey`;

CREATE TABLE `tblSurvey` (
  `surveyId` int(11) NOT NULL auto_increment,
  `surveyUUID` varchar(50) default NULL,
  `answerId` int(11) default NULL,
  `surveyDetail` varchar(200) NOT NULL default '',
  `surveyTimeStamp` timestamp NOT NULL default CURRENT_TIMESTAMP on update CURRENT_TIMESTAMP,
  PRIMARY KEY  (`surveyId`)
) ENGINE=InnoDB DEFAULT CHARSET=utf8;

LOCK TABLES `tblSurvey` WRITE;
/*!40000 ALTER TABLE `tblSurvey` DISABLE KEYS */;

INSERT INTO `tblSurvey` (`surveyId`, `surveyUUID`, `answerId`, `surveyDetail`, `surveyTimeStamp`)
VALUES
	(1,'c710e480-05dd-41dd-9933-9f15835db862',0,'','2015-02-06 11:35:33'),
	(2,'c710e480-05dd-41dd-9933-9f15835db862',0,'','2015-02-06 11:35:33'),
	(3,'c710e480-05dd-41dd-9933-9f15835db862',18,'','2015-02-06 11:35:33'),
	(4,'c710e480-05dd-41dd-9933-9f15835db862',50,'','2015-02-06 11:35:33'),
	(5,'c710e480-05dd-41dd-9933-9f15835db862',30,'','2015-02-06 11:35:33'),
	(6,'c710e480-05dd-41dd-9933-9f15835db862',12,'','2015-02-06 11:35:33'),
	(7,'c710e480-05dd-41dd-9933-9f15835db862',32,'','2015-02-06 11:35:33'),
	(8,'c710e480-05dd-41dd-9933-9f15835db862',6,'','2015-02-06 11:35:34'),
	(9,'c710e480-05dd-41dd-9933-9f15835db862',9,'','2015-02-06 11:35:34'),
	(10,'c710e480-05dd-41dd-9933-9f15835db862',1,'','2015-02-06 11:35:34'),
	(11,'64d24eb4-b91a-47f4-bfa2-24e03fa1b039',28,'','2015-02-06 11:38:37'),
	(12,'64d24eb4-b91a-47f4-bfa2-24e03fa1b039',20,'','2015-02-06 11:38:37'),
	(13,'64d24eb4-b91a-47f4-bfa2-24e03fa1b039',23,'','2015-02-06 11:38:37'),
	(14,'64d24eb4-b91a-47f4-bfa2-24e03fa1b039',25,'','2015-02-06 11:38:37'),
	(15,'64d24eb4-b91a-47f4-bfa2-24e03fa1b039',26,'','2015-02-06 11:38:37'),
	(16,'64d24eb4-b91a-47f4-bfa2-24e03fa1b039',18,'','2015-02-06 11:38:37'),
	(17,'64d24eb4-b91a-47f4-bfa2-24e03fa1b039',50,'','2015-02-06 11:38:37'),
	(18,'64d24eb4-b91a-47f4-bfa2-24e03fa1b039',30,'','2015-02-06 11:38:37'),
	(19,'64d24eb4-b91a-47f4-bfa2-24e03fa1b039',12,'','2015-02-06 11:38:37'),
	(20,'64d24eb4-b91a-47f4-bfa2-24e03fa1b039',32,'','2015-02-06 11:38:37'),
	(21,'64d24eb4-b91a-47f4-bfa2-24e03fa1b039',6,'','2015-02-06 11:38:37'),
	(22,'64d24eb4-b91a-47f4-bfa2-24e03fa1b039',9,'','2015-02-06 11:38:37'),
	(23,'64d24eb4-b91a-47f4-bfa2-24e03fa1b039',1,'','2015-02-06 11:38:37'),
	(24,'e6136c87-8080-4a29-8f39-d90523445066',17,'','2015-02-13 16:25:40'),
	(25,'e6136c87-8080-4a29-8f39-d90523445066',40,'','2015-02-13 16:25:40'),
	(26,'e6136c87-8080-4a29-8f39-d90523445066',11,'','2015-02-13 16:25:40'),
	(27,'e6136c87-8080-4a29-8f39-d90523445066',3,'','2015-02-13 16:25:40'),
	(28,'e6136c87-8080-4a29-8f39-d90523445066',10,'','2015-02-13 16:25:40'),
	(29,'e6136c87-8080-4a29-8f39-d90523445066',2,'','2015-02-13 16:25:40'),
	(30,'f977f7b4-cc77-4541-bc43-eb6f2e9e2726',21,'','2015-02-16 11:32:35'),
	(31,'f977f7b4-cc77-4541-bc43-eb6f2e9e2726',28,'','2015-02-16 11:32:35'),
	(32,'f977f7b4-cc77-4541-bc43-eb6f2e9e2726',20,'','2015-02-16 11:32:35'),
	(33,'f977f7b4-cc77-4541-bc43-eb6f2e9e2726',23,'','2015-02-16 11:32:35'),
	(34,'f977f7b4-cc77-4541-bc43-eb6f2e9e2726',25,'','2015-02-16 11:32:35'),
	(35,'f977f7b4-cc77-4541-bc43-eb6f2e9e2726',17,'','2015-02-16 11:32:35'),
	(36,'f977f7b4-cc77-4541-bc43-eb6f2e9e2726',40,'','2015-02-16 11:32:35'),
	(37,'f977f7b4-cc77-4541-bc43-eb6f2e9e2726',11,'','2015-02-16 11:32:35'),
	(38,'f977f7b4-cc77-4541-bc43-eb6f2e9e2726',3,'','2015-02-16 11:32:36'),
	(39,'f977f7b4-cc77-4541-bc43-eb6f2e9e2726',7,'','2015-02-16 11:32:36'),
	(40,'f977f7b4-cc77-4541-bc43-eb6f2e9e2726',1,'','2015-02-16 11:32:36'),
	(41,'b3e3565d-3378-45bb-bd82-0ca6967f6c8e',21,'','2015-02-16 11:48:38'),
	(42,'b3e3565d-3378-45bb-bd82-0ca6967f6c8e',27,'','2015-02-16 11:48:38'),
	(43,'b3e3565d-3378-45bb-bd82-0ca6967f6c8e',28,'','2015-02-16 11:48:38'),
	(44,'b3e3565d-3378-45bb-bd82-0ca6967f6c8e',0,'','2015-02-16 11:48:39'),
	(45,'b3e3565d-3378-45bb-bd82-0ca6967f6c8e',17,'','2015-02-16 11:48:39'),
	(46,'b3e3565d-3378-45bb-bd82-0ca6967f6c8e',40,'','2015-02-16 11:48:39'),
	(47,'b3e3565d-3378-45bb-bd82-0ca6967f6c8e',11,'','2015-02-16 11:48:39'),
	(48,'b3e3565d-3378-45bb-bd82-0ca6967f6c8e',3,'','2015-02-16 11:48:39'),
	(49,'b3e3565d-3378-45bb-bd82-0ca6967f6c8e',7,'','2015-02-16 11:48:39'),
	(50,'b3e3565d-3378-45bb-bd82-0ca6967f6c8e',1,'','2015-02-16 11:48:39'),
	(51,'fcb00c58-5ee1-4336-9045-db2bbcf82934',0,'','2015-02-16 11:51:16'),
	(52,'fcb00c58-5ee1-4336-9045-db2bbcf82934',0,'','2015-02-16 11:51:17'),
	(53,'fcb00c58-5ee1-4336-9045-db2bbcf82934',17,'','2015-02-16 11:51:17'),
	(54,'fcb00c58-5ee1-4336-9045-db2bbcf82934',40,'','2015-02-16 11:51:17'),
	(55,'fcb00c58-5ee1-4336-9045-db2bbcf82934',11,'','2015-02-16 11:51:17'),
	(56,'fcb00c58-5ee1-4336-9045-db2bbcf82934',3,'','2015-02-16 11:51:17'),
	(57,'fcb00c58-5ee1-4336-9045-db2bbcf82934',7,'','2015-02-16 11:51:17'),
	(58,'fcb00c58-5ee1-4336-9045-db2bbcf82934',1,'','2015-02-16 11:51:17'),
	(59,'845f995b-ad3c-49e0-bcd1-1d34a2d3dae3',21,'','2015-02-16 11:51:54'),
	(60,'845f995b-ad3c-49e0-bcd1-1d34a2d3dae3',27,'','2015-02-16 11:51:55'),
	(61,'845f995b-ad3c-49e0-bcd1-1d34a2d3dae3',28,'','2015-02-16 11:51:55'),
	(62,'845f995b-ad3c-49e0-bcd1-1d34a2d3dae3',0,'','2015-02-16 11:51:55'),
	(63,'845f995b-ad3c-49e0-bcd1-1d34a2d3dae3',17,'','2015-02-16 11:51:55'),
	(64,'845f995b-ad3c-49e0-bcd1-1d34a2d3dae3',40,'','2015-02-16 11:51:55'),
	(65,'845f995b-ad3c-49e0-bcd1-1d34a2d3dae3',11,'','2015-02-16 11:51:55'),
	(66,'845f995b-ad3c-49e0-bcd1-1d34a2d3dae3',3,'','2015-02-16 11:51:55'),
	(67,'845f995b-ad3c-49e0-bcd1-1d34a2d3dae3',7,'','2015-02-16 11:51:55'),
	(68,'845f995b-ad3c-49e0-bcd1-1d34a2d3dae3',1,'','2015-02-16 11:51:55'),
	(69,'223bc7d0-06e2-4849-97c9-7c32e3b65933',27,'','2015-02-19 10:49:44'),
	(70,'223bc7d0-06e2-4849-97c9-7c32e3b65933',28,'','2015-02-19 10:49:44'),
	(71,'223bc7d0-06e2-4849-97c9-7c32e3b65933',0,'','2015-02-19 10:49:44'),
	(72,'223bc7d0-06e2-4849-97c9-7c32e3b65933',18,'','2015-02-19 10:49:44'),
	(73,'223bc7d0-06e2-4849-97c9-7c32e3b65933',46,'','2015-02-19 10:49:44'),
	(74,'223bc7d0-06e2-4849-97c9-7c32e3b65933',14,'','2015-02-19 10:49:44'),
	(75,'223bc7d0-06e2-4849-97c9-7c32e3b65933',4,'','2015-02-19 10:49:45'),
	(76,'223bc7d0-06e2-4849-97c9-7c32e3b65933',7,'','2015-02-19 10:49:45'),
	(77,'223bc7d0-06e2-4849-97c9-7c32e3b65933',1,'','2015-02-19 10:49:45'),
	(78,'4b42d6fa-97a3-4156-8e35-56d1f2f19e4d',0,'','2015-02-20 15:09:38'),
	(79,'4b42d6fa-97a3-4156-8e35-56d1f2f19e4d',0,'','2015-02-20 15:09:38'),
	(80,'4b42d6fa-97a3-4156-8e35-56d1f2f19e4d',17,'','2015-02-20 15:09:38'),
	(81,'4b42d6fa-97a3-4156-8e35-56d1f2f19e4d',40,'','2015-02-20 15:09:38'),
	(82,'4b42d6fa-97a3-4156-8e35-56d1f2f19e4d',11,'','2015-02-20 15:09:39'),
	(83,'4b42d6fa-97a3-4156-8e35-56d1f2f19e4d',3,'','2015-02-20 15:09:39'),
	(84,'4b42d6fa-97a3-4156-8e35-56d1f2f19e4d',7,'','2015-02-20 15:09:39'),
	(85,'4b42d6fa-97a3-4156-8e35-56d1f2f19e4d',1,'','2015-02-20 15:09:39'),
	(86,'8d0d397e-23f9-4643-976c-798f5c941569',0,'','2015-02-20 15:09:52'),
	(87,'8d0d397e-23f9-4643-976c-798f5c941569',0,'','2015-02-20 15:09:52'),
	(88,'8d0d397e-23f9-4643-976c-798f5c941569',17,'','2015-02-20 15:09:52'),
	(89,'8d0d397e-23f9-4643-976c-798f5c941569',37,'','2015-02-20 15:09:52'),
	(90,'8d0d397e-23f9-4643-976c-798f5c941569',3,'','2015-02-20 15:09:52'),
	(91,'8d0d397e-23f9-4643-976c-798f5c941569',7,'','2015-02-20 15:09:52'),
	(92,'8d0d397e-23f9-4643-976c-798f5c941569',1,'','2015-02-20 15:09:52'),
	(93,'0111ef02-d5d1-4828-aa34-831862fc4588',0,'','2015-02-23 11:14:34'),
	(94,'0111ef02-d5d1-4828-aa34-831862fc4588',0,'','2015-02-23 11:14:34'),
	(95,'0111ef02-d5d1-4828-aa34-831862fc4588',18,'','2015-02-23 11:14:34'),
	(96,'0111ef02-d5d1-4828-aa34-831862fc4588',40,'','2015-02-23 11:14:34'),
	(97,'0111ef02-d5d1-4828-aa34-831862fc4588',11,'','2015-02-23 11:14:34'),
	(98,'0111ef02-d5d1-4828-aa34-831862fc4588',3,'','2015-02-23 11:14:34'),
	(99,'0111ef02-d5d1-4828-aa34-831862fc4588',7,'','2015-02-23 11:14:35'),
	(100,'0111ef02-d5d1-4828-aa34-831862fc4588',1,'','2015-02-23 11:14:35'),
	(101,'9c3a13a1-1da5-4015-a15e-a60681688ead',0,'','2015-02-23 11:15:13'),
	(102,'9c3a13a1-1da5-4015-a15e-a60681688ead',0,'','2015-02-23 11:15:13'),
	(103,'9c3a13a1-1da5-4015-a15e-a60681688ead',17,'','2015-02-23 11:15:13'),
	(104,'9c3a13a1-1da5-4015-a15e-a60681688ead',40,'','2015-02-23 11:15:13'),
	(105,'9c3a13a1-1da5-4015-a15e-a60681688ead',11,'','2015-02-23 11:15:13'),
	(106,'9c3a13a1-1da5-4015-a15e-a60681688ead',3,'','2015-02-23 11:15:13'),
	(107,'9c3a13a1-1da5-4015-a15e-a60681688ead',7,'','2015-02-23 11:15:13'),
	(108,'9c3a13a1-1da5-4015-a15e-a60681688ead',1,'','2015-02-23 11:15:13'),
	(109,'47da6345-8ca4-457a-bacf-ee27b46a8128',0,'','2015-02-23 11:15:50'),
	(110,'47da6345-8ca4-457a-bacf-ee27b46a8128',0,'','2015-02-23 11:15:50'),
	(111,'47da6345-8ca4-457a-bacf-ee27b46a8128',17,'','2015-02-23 11:15:50'),
	(112,'47da6345-8ca4-457a-bacf-ee27b46a8128',40,'','2015-02-23 11:15:50'),
	(113,'47da6345-8ca4-457a-bacf-ee27b46a8128',11,'','2015-02-23 11:15:50'),
	(114,'47da6345-8ca4-457a-bacf-ee27b46a8128',3,'','2015-02-23 11:15:50'),
	(115,'47da6345-8ca4-457a-bacf-ee27b46a8128',7,'','2015-02-23 11:15:50'),
	(116,'47da6345-8ca4-457a-bacf-ee27b46a8128',1,'','2015-02-23 11:15:50'),
	(117,'f35be32e-2da5-4e04-8856-cff73129f68d',0,'','2015-02-23 11:20:07'),
	(118,'f35be32e-2da5-4e04-8856-cff73129f68d',0,'','2015-02-23 11:20:07'),
	(119,'f35be32e-2da5-4e04-8856-cff73129f68d',17,'','2015-02-23 11:20:07'),
	(120,'f35be32e-2da5-4e04-8856-cff73129f68d',40,'','2015-02-23 11:20:07'),
	(121,'f35be32e-2da5-4e04-8856-cff73129f68d',11,'','2015-02-23 11:20:07'),
	(122,'f35be32e-2da5-4e04-8856-cff73129f68d',3,'','2015-02-23 11:20:07'),
	(123,'f35be32e-2da5-4e04-8856-cff73129f68d',7,'','2015-02-23 11:20:07'),
	(124,'f35be32e-2da5-4e04-8856-cff73129f68d',1,'','2015-02-23 11:20:07'),
	(125,'c317ff20-7ad9-413f-bd27-bb2de15b1409',0,'','2015-02-23 14:46:15'),
	(126,'c317ff20-7ad9-413f-bd27-bb2de15b1409',0,'','2015-02-23 14:46:15'),
	(127,'c317ff20-7ad9-413f-bd27-bb2de15b1409',0,'','2015-02-23 14:46:15'),
	(128,'c317ff20-7ad9-413f-bd27-bb2de15b1409',0,'','2015-02-23 14:46:15'),
	(129,'c317ff20-7ad9-413f-bd27-bb2de15b1409',0,'','2015-02-23 14:46:15'),
	(130,'c317ff20-7ad9-413f-bd27-bb2de15b1409',0,'','2015-02-23 14:46:16'),
	(131,'c317ff20-7ad9-413f-bd27-bb2de15b1409',0,'','2015-02-23 14:46:16'),
	(132,'c317ff20-7ad9-413f-bd27-bb2de15b1409',0,'','2015-02-23 14:46:16'),
	(133,'38dd6b97-c16f-46cc-b400-ac46938eaaba',0,'','2015-02-23 15:12:05'),
	(134,'38dd6b97-c16f-46cc-b400-ac46938eaaba',0,'','2015-02-23 15:12:05'),
	(135,'38dd6b97-c16f-46cc-b400-ac46938eaaba',17,'60','2015-02-23 15:12:05'),
	(136,'38dd6b97-c16f-46cc-b400-ac46938eaaba',40,'','2015-02-23 15:12:05'),
	(137,'38dd6b97-c16f-46cc-b400-ac46938eaaba',11,'','2015-02-23 15:12:05'),
	(138,'38dd6b97-c16f-46cc-b400-ac46938eaaba',3,'','2015-02-23 15:12:05'),
	(139,'38dd6b97-c16f-46cc-b400-ac46938eaaba',7,'','2015-02-23 15:12:05'),
	(140,'38dd6b97-c16f-46cc-b400-ac46938eaaba',2,'','2015-02-23 15:12:05'),
	(141,'6cf91901-13d1-421f-928b-0a62654419ce',0,'','2015-02-23 15:13:02'),
	(142,'6cf91901-13d1-421f-928b-0a62654419ce',0,'','2015-02-23 15:13:02'),
	(143,'6cf91901-13d1-421f-928b-0a62654419ce',17,'60','2015-02-23 15:13:02'),
	(144,'6cf91901-13d1-421f-928b-0a62654419ce',40,'','2015-02-23 15:13:02'),
	(145,'6cf91901-13d1-421f-928b-0a62654419ce',11,'','2015-02-23 15:13:02'),
	(146,'6cf91901-13d1-421f-928b-0a62654419ce',3,'','2015-02-23 15:13:03'),
	(147,'6cf91901-13d1-421f-928b-0a62654419ce',7,'','2015-02-23 15:13:03'),
	(148,'6cf91901-13d1-421f-928b-0a62654419ce',2,'','2015-02-23 15:13:03'),
	(149,'4c77dc07-76c7-468a-9395-443d0b2fc326',17,'60','2015-02-23 15:14:28'),
	(150,'4c77dc07-76c7-468a-9395-443d0b2fc326',40,'','2015-02-23 15:14:28'),
	(151,'4c77dc07-76c7-468a-9395-443d0b2fc326',11,'','2015-02-23 15:14:28'),
	(152,'4c77dc07-76c7-468a-9395-443d0b2fc326',3,'','2015-02-23 15:14:28'),
	(153,'4c77dc07-76c7-468a-9395-443d0b2fc326',7,'','2015-02-23 15:14:28'),
	(154,'4c77dc07-76c7-468a-9395-443d0b2fc326',2,'','2015-02-23 15:14:28'),
	(155,'cfb40af0-7a75-4ad6-b858-b93f220ffbdb',17,'60','2015-02-23 17:14:01'),
	(156,'cfb40af0-7a75-4ad6-b858-b93f220ffbdb',40,'','2015-02-23 17:14:01'),
	(157,'cfb40af0-7a75-4ad6-b858-b93f220ffbdb',11,'','2015-02-23 17:14:01'),
	(158,'cfb40af0-7a75-4ad6-b858-b93f220ffbdb',3,'','2015-02-23 17:14:01'),
	(159,'cfb40af0-7a75-4ad6-b858-b93f220ffbdb',7,'','2015-02-23 17:14:01'),
	(160,'cfb40af0-7a75-4ad6-b858-b93f220ffbdb',2,'','2015-02-23 17:14:01'),
	(161,'0d101172-4ad4-41f7-8bae-e96cedbfd1e7',17,'60','2015-02-23 17:14:16'),
	(162,'0d101172-4ad4-41f7-8bae-e96cedbfd1e7',40,'','2015-02-23 17:14:17'),
	(163,'0d101172-4ad4-41f7-8bae-e96cedbfd1e7',11,'','2015-02-23 17:14:17'),
	(164,'0d101172-4ad4-41f7-8bae-e96cedbfd1e7',3,'','2015-02-23 17:14:17'),
	(165,'0d101172-4ad4-41f7-8bae-e96cedbfd1e7',7,'','2015-02-23 17:14:17'),
	(166,'0d101172-4ad4-41f7-8bae-e96cedbfd1e7',2,'','2015-02-23 17:14:17'),
	(167,'23e5e958-1003-4569-a3f6-ee5078730591',17,'60','2015-02-23 17:23:45'),
	(168,'23e5e958-1003-4569-a3f6-ee5078730591',40,'','2015-02-23 17:23:45'),
	(169,'23e5e958-1003-4569-a3f6-ee5078730591',11,'','2015-02-23 17:23:45'),
	(170,'23e5e958-1003-4569-a3f6-ee5078730591',3,'','2015-02-23 17:23:45'),
	(171,'23e5e958-1003-4569-a3f6-ee5078730591',7,'','2015-02-23 17:23:45'),
	(172,'23e5e958-1003-4569-a3f6-ee5078730591',1,'','2015-02-23 17:23:45'),
	(173,'b26db912-89e0-46f6-ba59-c8fabecf441a',17,'60','2015-02-23 17:32:36'),
	(174,'b26db912-89e0-46f6-ba59-c8fabecf441a',40,'','2015-02-23 17:32:36'),
	(175,'b26db912-89e0-46f6-ba59-c8fabecf441a',11,'','2015-02-23 17:32:36'),
	(176,'b26db912-89e0-46f6-ba59-c8fabecf441a',3,'','2015-02-23 17:32:36'),
	(177,'b26db912-89e0-46f6-ba59-c8fabecf441a',7,'','2015-02-23 17:32:36'),
	(178,'b26db912-89e0-46f6-ba59-c8fabecf441a',1,'','2015-02-23 17:32:36'),
	(179,'50100240-2afb-464a-9bd2-0c365668cae7',17,'60','2015-02-23 17:40:29'),
	(180,'50100240-2afb-464a-9bd2-0c365668cae7',40,'','2015-02-23 17:40:29'),
	(181,'50100240-2afb-464a-9bd2-0c365668cae7',11,'','2015-02-23 17:40:30'),
	(182,'50100240-2afb-464a-9bd2-0c365668cae7',3,'','2015-02-23 17:40:30'),
	(183,'50100240-2afb-464a-9bd2-0c365668cae7',7,'','2015-02-23 17:40:30'),
	(184,'50100240-2afb-464a-9bd2-0c365668cae7',1,'','2015-02-23 17:40:30'),
	(185,'b5f2ae03-22b6-4a97-a5fb-4bc509cf53a2',17,'60','2015-02-23 17:41:11'),
	(186,'b5f2ae03-22b6-4a97-a5fb-4bc509cf53a2',40,'','2015-02-23 17:41:11'),
	(187,'b5f2ae03-22b6-4a97-a5fb-4bc509cf53a2',11,'','2015-02-23 17:41:12'),
	(188,'b5f2ae03-22b6-4a97-a5fb-4bc509cf53a2',3,'','2015-02-23 17:41:12'),
	(189,'b5f2ae03-22b6-4a97-a5fb-4bc509cf53a2',7,'','2015-02-23 17:41:12'),
	(190,'b5f2ae03-22b6-4a97-a5fb-4bc509cf53a2',1,'','2015-02-23 17:41:12'),
	(191,'94362699-e21b-4fe2-917f-c331806fc2d3',18,'33','2015-02-23 17:48:46'),
	(192,'94362699-e21b-4fe2-917f-c331806fc2d3',40,'','2015-02-23 17:48:46'),
	(193,'94362699-e21b-4fe2-917f-c331806fc2d3',11,'','2015-02-23 17:48:46'),
	(194,'94362699-e21b-4fe2-917f-c331806fc2d3',3,'','2015-02-23 17:48:46'),
	(195,'94362699-e21b-4fe2-917f-c331806fc2d3',7,'','2015-02-23 17:48:46'),
	(196,'94362699-e21b-4fe2-917f-c331806fc2d3',1,'','2015-02-23 17:48:46'),
	(197,'c8c979f0-84bc-4fc0-bb39-4824b0c2329f',17,'77','2015-02-23 17:59:12'),
	(198,'c8c979f0-84bc-4fc0-bb39-4824b0c2329f',41,'','2015-02-23 17:59:12'),
	(199,'c8c979f0-84bc-4fc0-bb39-4824b0c2329f',11,'','2015-02-23 17:59:12'),
	(200,'c8c979f0-84bc-4fc0-bb39-4824b0c2329f',3,'','2015-02-23 17:59:12'),
	(201,'c8c979f0-84bc-4fc0-bb39-4824b0c2329f',7,'','2015-02-23 17:59:12'),
	(202,'c8c979f0-84bc-4fc0-bb39-4824b0c2329f',1,'','2015-02-23 17:59:12'),
	(203,'335699a6-bc98-4725-afbd-ac2eb61f1170',17,'80','2015-02-23 18:02:33'),
	(204,'335699a6-bc98-4725-afbd-ac2eb61f1170',40,'','2015-02-23 18:02:33'),
	(205,'335699a6-bc98-4725-afbd-ac2eb61f1170',11,'','2015-02-23 18:02:34'),
	(206,'335699a6-bc98-4725-afbd-ac2eb61f1170',3,'','2015-02-23 18:02:34'),
	(207,'335699a6-bc98-4725-afbd-ac2eb61f1170',7,'','2015-02-23 18:02:34'),
	(208,'335699a6-bc98-4725-afbd-ac2eb61f1170',1,'','2015-02-23 18:02:34'),
	(209,'ef9bec2e-00d9-4a91-909d-062e2590c26c',17,'60','2015-03-11 15:45:14'),
	(210,'ef9bec2e-00d9-4a91-909d-062e2590c26c',40,'','2015-03-11 15:45:14'),
	(211,'ef9bec2e-00d9-4a91-909d-062e2590c26c',11,'','2015-03-11 15:45:14'),
	(212,'ef9bec2e-00d9-4a91-909d-062e2590c26c',3,'','2015-03-11 15:45:14'),
	(213,'ef9bec2e-00d9-4a91-909d-062e2590c26c',7,'','2015-03-11 15:45:14'),
	(214,'ef9bec2e-00d9-4a91-909d-062e2590c26c',1,'','2015-03-11 15:45:14'),
	(215,'4ecaa1f9-e3f5-4066-b6e4-8ba15bbddb0b',64,'','2015-03-11 15:55:41'),
	(216,'4ecaa1f9-e3f5-4066-b6e4-8ba15bbddb0b',63,'','2015-03-11 15:55:41'),
	(217,'4ecaa1f9-e3f5-4066-b6e4-8ba15bbddb0b',17,'60','2015-03-11 15:55:41'),
	(218,'4ecaa1f9-e3f5-4066-b6e4-8ba15bbddb0b',37,'','2015-03-11 15:55:41'),
	(219,'4ecaa1f9-e3f5-4066-b6e4-8ba15bbddb0b',61,'','2015-03-11 15:55:41'),
	(220,'4ecaa1f9-e3f5-4066-b6e4-8ba15bbddb0b',33,'','2015-03-11 15:55:41'),
	(221,'4ecaa1f9-e3f5-4066-b6e4-8ba15bbddb0b',6,'','2015-03-11 15:55:41'),
	(222,'4ecaa1f9-e3f5-4066-b6e4-8ba15bbddb0b',7,'','2015-03-11 15:55:41'),
	(223,'4ecaa1f9-e3f5-4066-b6e4-8ba15bbddb0b',1,'','2015-03-11 15:55:41'),
	(224,'2b4c8181-04ab-4d7d-bb34-64ef0e526334',17,'60','2015-03-18 14:32:56'),
	(225,'2b4c8181-04ab-4d7d-bb34-64ef0e526334',40,'','2015-03-18 14:32:56'),
	(226,'2b4c8181-04ab-4d7d-bb34-64ef0e526334',11,'','2015-03-18 14:32:56'),
	(227,'2b4c8181-04ab-4d7d-bb34-64ef0e526334',61,'','2015-03-18 14:32:56'),
	(228,'2b4c8181-04ab-4d7d-bb34-64ef0e526334',33,'','2015-03-18 14:32:56'),
	(229,'2b4c8181-04ab-4d7d-bb34-64ef0e526334',6,'','2015-03-18 14:32:56'),
	(230,'2b4c8181-04ab-4d7d-bb34-64ef0e526334',7,'','2015-03-18 14:32:56'),
	(231,'2b4c8181-04ab-4d7d-bb34-64ef0e526334',1,'','2015-03-18 14:32:56'),
	(232,'fa1b0725-b9d3-4ca0-8338-803588719d7f',21,'','2015-03-30 08:53:12'),
	(233,'fa1b0725-b9d3-4ca0-8338-803588719d7f',20,'','2015-03-30 08:53:12'),
	(234,'fa1b0725-b9d3-4ca0-8338-803588719d7f',23,'','2015-03-30 08:53:12'),
	(235,'fa1b0725-b9d3-4ca0-8338-803588719d7f',17,'79','2015-03-30 08:53:12'),
	(236,'fa1b0725-b9d3-4ca0-8338-803588719d7f',40,'','2015-03-30 08:53:12'),
	(237,'fa1b0725-b9d3-4ca0-8338-803588719d7f',11,'','2015-03-30 08:53:12'),
	(238,'fa1b0725-b9d3-4ca0-8338-803588719d7f',3,'','2015-03-30 08:53:12'),
	(239,'fa1b0725-b9d3-4ca0-8338-803588719d7f',7,'','2015-03-30 08:53:12'),
	(240,'fa1b0725-b9d3-4ca0-8338-803588719d7f',1,'','2015-03-30 08:53:12'),
	(241,'c2a63c4e-f7ed-4180-813e-b206bbb07d4f',17,'71','2015-03-30 08:56:02'),
	(242,'c2a63c4e-f7ed-4180-813e-b206bbb07d4f',40,'','2015-03-30 08:56:03'),
	(243,'c2a63c4e-f7ed-4180-813e-b206bbb07d4f',11,'','2015-03-30 08:56:03'),
	(244,'c2a63c4e-f7ed-4180-813e-b206bbb07d4f',3,'','2015-03-30 08:56:03'),
	(245,'c2a63c4e-f7ed-4180-813e-b206bbb07d4f',7,'','2015-03-30 08:56:03'),
	(246,'c2a63c4e-f7ed-4180-813e-b206bbb07d4f',1,'','2015-03-30 08:56:03'),
	(247,'cf22dd24-f0ca-4dfb-9174-9929e8cc10e0',17,'65','2015-03-30 17:03:59'),
	(248,'cf22dd24-f0ca-4dfb-9174-9929e8cc10e0',53,'','2015-03-30 17:03:59'),
	(249,'cf22dd24-f0ca-4dfb-9174-9929e8cc10e0',31,'','2015-03-30 17:03:59'),
	(250,'cf22dd24-f0ca-4dfb-9174-9929e8cc10e0',12,'','2015-03-30 17:03:59'),
	(251,'cf22dd24-f0ca-4dfb-9174-9929e8cc10e0',4,'','2015-03-30 17:03:59'),
	(252,'cf22dd24-f0ca-4dfb-9174-9929e8cc10e0',8,'','2015-03-30 17:03:59'),
	(253,'cf22dd24-f0ca-4dfb-9174-9929e8cc10e0',2,'','2015-03-30 17:03:59'),
	(254,'b89a6e2f-1c69-4909-b1f2-536816ee1a11',17,'100','2015-03-30 18:02:32'),
	(255,'b89a6e2f-1c69-4909-b1f2-536816ee1a11',45,'','2015-03-30 18:02:32'),
	(256,'b89a6e2f-1c69-4909-b1f2-536816ee1a11',13,'','2015-03-30 18:02:32'),
	(257,'b89a6e2f-1c69-4909-b1f2-536816ee1a11',4,'','2015-03-30 18:02:32'),
	(258,'b89a6e2f-1c69-4909-b1f2-536816ee1a11',10,'','2015-03-30 18:02:32'),
	(259,'b89a6e2f-1c69-4909-b1f2-536816ee1a11',1,'','2015-03-30 18:02:32'),
	(260,'d3139474-ec16-4053-bd7e-b1225fe289eb',18,'0','2015-03-30 18:02:56'),
	(261,'d3139474-ec16-4053-bd7e-b1225fe289eb',37,'','2015-03-30 18:02:56'),
	(262,'d3139474-ec16-4053-bd7e-b1225fe289eb',4,'','2015-03-30 18:02:56'),
	(263,'d3139474-ec16-4053-bd7e-b1225fe289eb',8,'','2015-03-30 18:02:56'),
	(264,'d3139474-ec16-4053-bd7e-b1225fe289eb',2,'','2015-03-30 18:02:56'),
	(265,'e1a08ea7-bc75-4259-8809-64c251467550',21,'','2015-03-31 09:43:08'),
	(266,'e1a08ea7-bc75-4259-8809-64c251467550',63,'','2015-03-31 09:43:08'),
	(267,'e1a08ea7-bc75-4259-8809-64c251467550',18,'59','2015-03-31 09:43:08'),
	(268,'e1a08ea7-bc75-4259-8809-64c251467550',43,'','2015-03-31 09:43:08'),
	(269,'e1a08ea7-bc75-4259-8809-64c251467550',16,'','2015-03-31 09:43:08'),
	(270,'e1a08ea7-bc75-4259-8809-64c251467550',5,'','2015-03-31 09:43:08'),
	(271,'e1a08ea7-bc75-4259-8809-64c251467550',9,'','2015-03-31 09:43:08'),
	(272,'e1a08ea7-bc75-4259-8809-64c251467550',1,'','2015-03-31 09:43:08'),
	(273,'25ac5822-aac1-41c7-a298-eec29a2aa2c8',17,'89','2015-04-06 16:42:56'),
	(274,'25ac5822-aac1-41c7-a298-eec29a2aa2c8',47,'','2015-04-06 16:42:56'),
	(275,'25ac5822-aac1-41c7-a298-eec29a2aa2c8',14,'','2015-04-06 16:42:56'),
	(276,'25ac5822-aac1-41c7-a298-eec29a2aa2c8',36,'','2015-04-06 16:42:56'),
	(277,'25ac5822-aac1-41c7-a298-eec29a2aa2c8',33,'','2015-04-06 16:42:56'),
	(278,'25ac5822-aac1-41c7-a298-eec29a2aa2c8',6,'','2015-04-06 16:42:56'),
	(279,'25ac5822-aac1-41c7-a298-eec29a2aa2c8',7,'','2015-04-06 16:42:56'),
	(280,'25ac5822-aac1-41c7-a298-eec29a2aa2c8',2,'','2015-04-06 16:42:56'),
	(281,'094ae428-0360-4584-8e9e-66d3de4fc439',24,'','2015-04-14 10:35:55'),
	(282,'094ae428-0360-4584-8e9e-66d3de4fc439',26,'','2015-04-14 10:35:55'),
	(283,'094ae428-0360-4584-8e9e-66d3de4fc439',63,'','2015-04-14 10:35:55'),
	(284,'094ae428-0360-4584-8e9e-66d3de4fc439',18,'17','2015-04-14 10:35:55'),
	(285,'094ae428-0360-4584-8e9e-66d3de4fc439',41,'','2015-04-14 10:35:55'),
	(286,'094ae428-0360-4584-8e9e-66d3de4fc439',11,'','2015-04-14 10:35:55'),
	(287,'094ae428-0360-4584-8e9e-66d3de4fc439',4,'','2015-04-14 10:35:55'),
	(288,'094ae428-0360-4584-8e9e-66d3de4fc439',9,'','2015-04-14 10:35:55'),
	(289,'094ae428-0360-4584-8e9e-66d3de4fc439',2,'','2015-04-14 10:35:55'),
	(290,'db2d57f0-9d0e-443c-bab1-fe1b6e9ea754',18,'45','2015-04-29 13:14:32'),
	(291,'db2d57f0-9d0e-443c-bab1-fe1b6e9ea754',40,'','2015-04-29 13:14:32'),
	(292,'db2d57f0-9d0e-443c-bab1-fe1b6e9ea754',11,'','2015-04-29 13:14:32'),
	(293,'db2d57f0-9d0e-443c-bab1-fe1b6e9ea754',5,'','2015-04-29 13:14:32'),
	(294,'db2d57f0-9d0e-443c-bab1-fe1b6e9ea754',7,'','2015-04-29 13:14:33'),
	(295,'db2d57f0-9d0e-443c-bab1-fe1b6e9ea754',1,'','2015-04-29 13:14:33'),
	(296,'b006367a-e27c-4884-9425-77eefd34c783',18,'21','2015-04-29 13:15:12'),
	(297,'b006367a-e27c-4884-9425-77eefd34c783',40,'','2015-04-29 13:15:12'),
	(298,'b006367a-e27c-4884-9425-77eefd34c783',11,'','2015-04-29 13:15:12'),
	(299,'b006367a-e27c-4884-9425-77eefd34c783',5,'','2015-04-29 13:15:12'),
	(300,'b006367a-e27c-4884-9425-77eefd34c783',8,'','2015-04-29 13:15:12'),
	(301,'b006367a-e27c-4884-9425-77eefd34c783',1,'','2015-04-29 13:15:12'),
	(302,'c7ed85bd-b00e-4b81-b81e-32e14f5efd7a',18,'50','2015-04-29 13:15:35'),
	(303,'c7ed85bd-b00e-4b81-b81e-32e14f5efd7a',45,'','2015-04-29 13:15:35'),
	(304,'c7ed85bd-b00e-4b81-b81e-32e14f5efd7a',13,'','2015-04-29 13:15:35'),
	(305,'c7ed85bd-b00e-4b81-b81e-32e14f5efd7a',4,'','2015-04-29 13:15:35'),
	(306,'c7ed85bd-b00e-4b81-b81e-32e14f5efd7a',8,'','2015-04-29 13:15:35'),
	(307,'c7ed85bd-b00e-4b81-b81e-32e14f5efd7a',1,'','2015-04-29 13:15:35'),
	(308,'ede44ea0-c942-44ef-9808-2b554965ae18',18,'50','2015-04-29 13:21:42'),
	(309,'ede44ea0-c942-44ef-9808-2b554965ae18',41,'','2015-04-29 13:21:42'),
	(310,'ede44ea0-c942-44ef-9808-2b554965ae18',11,'','2015-04-29 13:21:42'),
	(311,'ede44ea0-c942-44ef-9808-2b554965ae18',3,'','2015-04-29 13:21:42'),
	(312,'ede44ea0-c942-44ef-9808-2b554965ae18',9,'','2015-04-29 13:21:42'),
	(313,'ede44ea0-c942-44ef-9808-2b554965ae18',2,'','2015-04-29 13:21:42'),
	(314,'ece9404f-5b79-4ff4-b3eb-dbf6459fa8e2',18,'50','2015-04-29 13:22:11'),
	(315,'ece9404f-5b79-4ff4-b3eb-dbf6459fa8e2',49,'','2015-04-29 13:22:11'),
	(316,'ece9404f-5b79-4ff4-b3eb-dbf6459fa8e2',15,'','2015-04-29 13:22:11'),
	(317,'ece9404f-5b79-4ff4-b3eb-dbf6459fa8e2',5,'','2015-04-29 13:22:11'),
	(318,'ece9404f-5b79-4ff4-b3eb-dbf6459fa8e2',7,'','2015-04-29 13:22:11'),
	(319,'ece9404f-5b79-4ff4-b3eb-dbf6459fa8e2',1,'','2015-04-29 13:22:11'),
	(320,'35154123-f1ef-452c-b1ac-dcaf62ee68c1',18,'26','2015-04-29 13:26:18'),
	(321,'35154123-f1ef-452c-b1ac-dcaf62ee68c1',41,'','2015-04-29 13:26:18'),
	(322,'35154123-f1ef-452c-b1ac-dcaf62ee68c1',11,'','2015-04-29 13:26:18'),
	(323,'35154123-f1ef-452c-b1ac-dcaf62ee68c1',4,'','2015-04-29 13:26:18'),
	(324,'35154123-f1ef-452c-b1ac-dcaf62ee68c1',8,'','2015-04-29 13:26:18'),
	(325,'35154123-f1ef-452c-b1ac-dcaf62ee68c1',1,'','2015-04-29 13:26:18'),
	(326,'3202789e-c789-4569-bf0f-e7888060d516',17,'79','2015-04-30 11:31:05'),
	(327,'3202789e-c789-4569-bf0f-e7888060d516',37,'','2015-04-30 11:31:05'),
	(328,'3202789e-c789-4569-bf0f-e7888060d516',3,'','2015-04-30 11:31:05'),
	(329,'3202789e-c789-4569-bf0f-e7888060d516',8,'','2015-04-30 11:31:05'),
	(330,'3202789e-c789-4569-bf0f-e7888060d516',2,'','2015-04-30 11:31:05'),
	(331,'3da16aab-c4ed-4e90-b998-e5d2934c8afa',18,'50','2015-04-30 15:11:51'),
	(332,'3da16aab-c4ed-4e90-b998-e5d2934c8afa',47,'','2015-04-30 15:11:51'),
	(333,'3da16aab-c4ed-4e90-b998-e5d2934c8afa',14,'','2015-04-30 15:11:51'),
	(334,'3da16aab-c4ed-4e90-b998-e5d2934c8afa',5,'','2015-04-30 15:11:51'),
	(335,'3da16aab-c4ed-4e90-b998-e5d2934c8afa',9,'','2015-04-30 15:11:51'),
	(336,'3da16aab-c4ed-4e90-b998-e5d2934c8afa',1,'','2015-04-30 15:11:51'),
	(337,'80e073a3-d967-4420-b04a-ea8a32530605',21,'','2015-05-01 15:38:58'),
	(338,'80e073a3-d967-4420-b04a-ea8a32530605',22,'','2015-05-01 15:38:58'),
	(339,'80e073a3-d967-4420-b04a-ea8a32530605',25,'','2015-05-01 15:38:58'),
	(340,'80e073a3-d967-4420-b04a-ea8a32530605',18,'30','2015-05-01 15:38:58'),
	(341,'80e073a3-d967-4420-b04a-ea8a32530605',40,'','2015-05-01 15:38:58'),
	(342,'80e073a3-d967-4420-b04a-ea8a32530605',11,'','2015-05-01 15:38:58'),
	(343,'80e073a3-d967-4420-b04a-ea8a32530605',4,'','2015-05-01 15:38:58'),
	(344,'80e073a3-d967-4420-b04a-ea8a32530605',7,'','2015-05-01 15:38:58'),
	(345,'80e073a3-d967-4420-b04a-ea8a32530605',1,'','2015-05-01 15:38:58'),
	(346,'f39b394b-53e2-4a76-8f68-db6355d15d58',22,'','2015-05-04 16:46:39'),
	(347,'f39b394b-53e2-4a76-8f68-db6355d15d58',24,'','2015-05-04 16:46:39'),
	(348,'f39b394b-53e2-4a76-8f68-db6355d15d58',18,'15','2015-05-04 16:46:39'),
	(349,'f39b394b-53e2-4a76-8f68-db6355d15d58',41,'','2015-05-04 16:46:39'),
	(350,'f39b394b-53e2-4a76-8f68-db6355d15d58',11,'','2015-05-04 16:46:39'),
	(351,'f39b394b-53e2-4a76-8f68-db6355d15d58',59,'','2015-05-04 16:46:39'),
	(352,'f39b394b-53e2-4a76-8f68-db6355d15d58',6,'','2015-05-04 16:46:39'),
	(353,'f39b394b-53e2-4a76-8f68-db6355d15d58',10,'','2015-05-04 16:46:39'),
	(354,'f39b394b-53e2-4a76-8f68-db6355d15d58',2,'','2015-05-04 16:46:39'),
	(355,'a8934ab6-abfc-4535-a592-57b762b167db',17,'79','2015-05-06 11:40:04'),
	(356,'a8934ab6-abfc-4535-a592-57b762b167db',53,'','2015-05-06 11:40:04'),
	(357,'a8934ab6-abfc-4535-a592-57b762b167db',31,'','2015-05-06 11:40:04'),
	(358,'a8934ab6-abfc-4535-a592-57b762b167db',12,'','2015-05-06 11:40:04'),
	(359,'a8934ab6-abfc-4535-a592-57b762b167db',3,'','2015-05-06 11:40:04'),
	(360,'a8934ab6-abfc-4535-a592-57b762b167db',10,'','2015-05-06 11:40:04'),
	(361,'a8934ab6-abfc-4535-a592-57b762b167db',2,'','2015-05-06 11:40:04'),
	(362,'e8c37abc-82f4-4fd6-85db-0078f8a5c697',18,'50','2015-05-13 16:07:34'),
	(363,'e8c37abc-82f4-4fd6-85db-0078f8a5c697',53,'','2015-05-13 16:07:34'),
	(364,'e8c37abc-82f4-4fd6-85db-0078f8a5c697',31,'','2015-05-13 16:07:34'),
	(365,'e8c37abc-82f4-4fd6-85db-0078f8a5c697',12,'','2015-05-13 16:07:34'),
	(366,'e8c37abc-82f4-4fd6-85db-0078f8a5c697',3,'','2015-05-13 16:07:34'),
	(367,'e8c37abc-82f4-4fd6-85db-0078f8a5c697',10,'','2015-05-13 16:07:34'),
	(368,'e8c37abc-82f4-4fd6-85db-0078f8a5c697',2,'','2015-05-13 16:07:34'),
	(369,'d10e1714-b2d4-4dc7-8811-08c0e3fdc8e2',18,'58','2015-05-19 09:57:54'),
	(370,'d10e1714-b2d4-4dc7-8811-08c0e3fdc8e2',47,'','2015-05-19 09:57:54'),
	(371,'d10e1714-b2d4-4dc7-8811-08c0e3fdc8e2',14,'','2015-05-19 09:57:54'),
	(372,'d10e1714-b2d4-4dc7-8811-08c0e3fdc8e2',32,'','2015-05-19 09:57:54'),
	(373,'d10e1714-b2d4-4dc7-8811-08c0e3fdc8e2',6,'','2015-05-19 09:57:54'),
	(374,'d10e1714-b2d4-4dc7-8811-08c0e3fdc8e2',10,'','2015-05-19 09:57:54'),
	(375,'d10e1714-b2d4-4dc7-8811-08c0e3fdc8e2',1,'','2015-05-19 09:57:54'),
	(376,'a72bb2cd-e009-449b-a032-49b51ab3ff91',17,'77','2015-05-19 11:21:20'),
	(377,'a72bb2cd-e009-449b-a032-49b51ab3ff91',40,'','2015-05-19 11:21:20'),
	(378,'a72bb2cd-e009-449b-a032-49b51ab3ff91',11,'','2015-05-19 11:21:20'),
	(379,'a72bb2cd-e009-449b-a032-49b51ab3ff91',3,'','2015-05-19 11:21:20'),
	(380,'a72bb2cd-e009-449b-a032-49b51ab3ff91',8,'','2015-05-19 11:21:20'),
	(381,'a72bb2cd-e009-449b-a032-49b51ab3ff91',2,'','2015-05-19 11:21:20'),
	(382,'1ae412d9-2346-4f24-9cb9-123ef3a28532',17,'71','2015-05-19 12:23:56'),
	(383,'1ae412d9-2346-4f24-9cb9-123ef3a28532',51,'','2015-05-19 12:23:56'),
	(384,'1ae412d9-2346-4f24-9cb9-123ef3a28532',30,'','2015-05-19 12:23:56'),
	(385,'1ae412d9-2346-4f24-9cb9-123ef3a28532',12,'','2015-05-19 12:23:56'),
	(386,'1ae412d9-2346-4f24-9cb9-123ef3a28532',59,'','2015-05-19 12:23:56'),
	(387,'1ae412d9-2346-4f24-9cb9-123ef3a28532',6,'','2015-05-19 12:23:56'),
	(388,'1ae412d9-2346-4f24-9cb9-123ef3a28532',10,'','2015-05-19 12:23:56'),
	(389,'1ae412d9-2346-4f24-9cb9-123ef3a28532',2,'','2015-05-19 12:23:56'),
	(390,'84609ab4-81a7-4acb-a703-91fbb12732fe',23,'','2015-05-19 14:59:40'),
	(391,'84609ab4-81a7-4acb-a703-91fbb12732fe',17,'64','2015-05-19 14:59:40'),
	(392,'84609ab4-81a7-4acb-a703-91fbb12732fe',45,'','2015-05-19 14:59:40'),
	(393,'84609ab4-81a7-4acb-a703-91fbb12732fe',13,'','2015-05-19 14:59:40'),
	(394,'84609ab4-81a7-4acb-a703-91fbb12732fe',4,'','2015-05-19 14:59:40'),
	(395,'84609ab4-81a7-4acb-a703-91fbb12732fe',8,'','2015-05-19 14:59:40'),
	(396,'84609ab4-81a7-4acb-a703-91fbb12732fe',1,'','2015-05-19 14:59:40'),
	(397,'15a311de-4267-46d0-89fc-8b8ea15443f6',17,'81','2015-05-20 10:13:01'),
	(398,'15a311de-4267-46d0-89fc-8b8ea15443f6',53,'','2015-05-20 10:13:01'),
	(399,'15a311de-4267-46d0-89fc-8b8ea15443f6',31,'','2015-05-20 10:13:01'),
	(400,'15a311de-4267-46d0-89fc-8b8ea15443f6',12,'','2015-05-20 10:13:01'),
	(401,'15a311de-4267-46d0-89fc-8b8ea15443f6',3,'','2015-05-20 10:13:01'),
	(402,'15a311de-4267-46d0-89fc-8b8ea15443f6',10,'','2015-05-20 10:13:01'),
	(403,'15a311de-4267-46d0-89fc-8b8ea15443f6',2,'','2015-05-20 10:13:01'),
	(404,'f0e1e407-ad9c-499e-ab91-be9579e560a5',17,'75','2015-05-20 10:27:45'),
	(405,'f0e1e407-ad9c-499e-ab91-be9579e560a5',47,'','2015-05-20 10:27:45'),
	(406,'f0e1e407-ad9c-499e-ab91-be9579e560a5',14,'','2015-05-20 10:27:45'),
	(407,'f0e1e407-ad9c-499e-ab91-be9579e560a5',4,'','2015-05-20 10:27:45'),
	(408,'f0e1e407-ad9c-499e-ab91-be9579e560a5',9,'','2015-05-20 10:27:45'),
	(409,'f0e1e407-ad9c-499e-ab91-be9579e560a5',2,'','2015-05-20 10:27:45'),
	(410,'f9699133-137e-4f75-8d9b-4a87fd54a601',17,'80','2015-05-20 10:29:44'),
	(411,'f9699133-137e-4f75-8d9b-4a87fd54a601',46,'','2015-05-20 10:29:44'),
	(412,'f9699133-137e-4f75-8d9b-4a87fd54a601',14,'','2015-05-20 10:29:44'),
	(413,'f9699133-137e-4f75-8d9b-4a87fd54a601',4,'','2015-05-20 10:29:44'),
	(414,'f9699133-137e-4f75-8d9b-4a87fd54a601',9,'','2015-05-20 10:29:44'),
	(415,'f9699133-137e-4f75-8d9b-4a87fd54a601',2,'','2015-05-20 10:29:44'),
	(416,'d9a8d14c-1e6d-40ba-b9dc-42dc92de9154',18,'42','2015-05-20 17:38:37'),
	(417,'d9a8d14c-1e6d-40ba-b9dc-42dc92de9154',41,'','2015-05-20 17:38:37'),
	(418,'d9a8d14c-1e6d-40ba-b9dc-42dc92de9154',11,'','2015-05-20 17:38:37'),
	(419,'d9a8d14c-1e6d-40ba-b9dc-42dc92de9154',36,'','2015-05-20 17:38:37'),
	(420,'d9a8d14c-1e6d-40ba-b9dc-42dc92de9154',33,'','2015-05-20 17:38:37'),
	(421,'d9a8d14c-1e6d-40ba-b9dc-42dc92de9154',6,'','2015-05-20 17:38:37'),
	(422,'d9a8d14c-1e6d-40ba-b9dc-42dc92de9154',9,'','2015-05-20 17:38:37'),
	(423,'d9a8d14c-1e6d-40ba-b9dc-42dc92de9154',1,'','2015-05-20 17:38:37'),
	(424,'5ed417b0-4cb5-405f-bf8b-63b289a603cc',17,'66','2015-05-20 17:43:31'),
	(425,'5ed417b0-4cb5-405f-bf8b-63b289a603cc',43,'','2015-05-20 17:43:31'),
	(426,'5ed417b0-4cb5-405f-bf8b-63b289a603cc',16,'','2015-05-20 17:43:31'),
	(427,'5ed417b0-4cb5-405f-bf8b-63b289a603cc',5,'','2015-05-20 17:43:31'),
	(428,'5ed417b0-4cb5-405f-bf8b-63b289a603cc',9,'','2015-05-20 17:43:31'),
	(429,'5ed417b0-4cb5-405f-bf8b-63b289a603cc',1,'','2015-05-20 17:43:31'),
	(430,'fcb8ec88-b886-4af0-b38d-6d3248dd8cfd',17,'71','2015-05-26 13:08:53'),
	(431,'fcb8ec88-b886-4af0-b38d-6d3248dd8cfd',40,'','2015-05-26 13:08:53'),
	(432,'fcb8ec88-b886-4af0-b38d-6d3248dd8cfd',11,'','2015-05-26 13:08:53'),
	(433,'fcb8ec88-b886-4af0-b38d-6d3248dd8cfd',32,'','2015-05-26 13:08:53'),
	(434,'fcb8ec88-b886-4af0-b38d-6d3248dd8cfd',6,'','2015-05-26 13:08:53'),
	(435,'fcb8ec88-b886-4af0-b38d-6d3248dd8cfd',10,'','2015-05-26 13:08:53'),
	(436,'fcb8ec88-b886-4af0-b38d-6d3248dd8cfd',2,'','2015-05-26 13:08:53'),
	(437,'4aa88089-3b4d-42b0-ac83-59ace89d8ee9',17,'100','2015-05-26 13:18:18'),
	(438,'4aa88089-3b4d-42b0-ac83-59ace89d8ee9',51,'','2015-05-26 13:18:18'),
	(439,'4aa88089-3b4d-42b0-ac83-59ace89d8ee9',30,'','2015-05-26 13:18:18'),
	(440,'4aa88089-3b4d-42b0-ac83-59ace89d8ee9',12,'','2015-05-26 13:18:18'),
	(441,'4aa88089-3b4d-42b0-ac83-59ace89d8ee9',4,'','2015-05-26 13:18:18'),
	(442,'4aa88089-3b4d-42b0-ac83-59ace89d8ee9',10,'','2015-05-26 13:18:18'),
	(443,'4aa88089-3b4d-42b0-ac83-59ace89d8ee9',2,'','2015-05-26 13:18:18'),
	(444,'278cc9d6-ef50-4b5e-8a17-ded5e84c269c',28,'','2015-05-27 15:35:50'),
	(445,'278cc9d6-ef50-4b5e-8a17-ded5e84c269c',20,'','2015-05-27 15:35:50'),
	(446,'278cc9d6-ef50-4b5e-8a17-ded5e84c269c',17,'63','2015-05-27 15:35:50'),
	(447,'278cc9d6-ef50-4b5e-8a17-ded5e84c269c',52,'','2015-05-27 15:35:50'),
	(448,'278cc9d6-ef50-4b5e-8a17-ded5e84c269c',31,'','2015-05-27 15:35:50'),
	(449,'278cc9d6-ef50-4b5e-8a17-ded5e84c269c',12,'','2015-05-27 15:35:50'),
	(450,'278cc9d6-ef50-4b5e-8a17-ded5e84c269c',5,'','2015-05-27 15:35:50'),
	(451,'278cc9d6-ef50-4b5e-8a17-ded5e84c269c',8,'','2015-05-27 15:35:50'),
	(452,'278cc9d6-ef50-4b5e-8a17-ded5e84c269c',2,'','2015-05-27 15:35:50'),
	(453,'62ebd7ac-7206-42dd-be7b-9e9e0932cb9b',27,'','2015-05-27 15:36:18'),
	(454,'62ebd7ac-7206-42dd-be7b-9e9e0932cb9b',18,'58','2015-05-27 15:36:18'),
	(455,'62ebd7ac-7206-42dd-be7b-9e9e0932cb9b',49,'','2015-05-27 15:36:18'),
	(456,'62ebd7ac-7206-42dd-be7b-9e9e0932cb9b',15,'','2015-05-27 15:36:18'),
	(457,'62ebd7ac-7206-42dd-be7b-9e9e0932cb9b',5,'','2015-05-27 15:36:18'),
	(458,'62ebd7ac-7206-42dd-be7b-9e9e0932cb9b',8,'','2015-05-27 15:36:18'),
	(459,'62ebd7ac-7206-42dd-be7b-9e9e0932cb9b',1,'','2015-05-27 15:36:18'),
	(460,'4f0c461e-9abb-407f-a2b3-034749ee08d5',17,'61','2015-05-27 15:44:09'),
	(461,'4f0c461e-9abb-407f-a2b3-034749ee08d5',50,'','2015-05-27 15:44:09'),
	(462,'4f0c461e-9abb-407f-a2b3-034749ee08d5',30,'','2015-05-27 15:44:09'),
	(463,'4f0c461e-9abb-407f-a2b3-034749ee08d5',12,'','2015-05-27 15:44:09'),
	(464,'4f0c461e-9abb-407f-a2b3-034749ee08d5',35,'','2015-05-27 15:44:09'),
	(465,'4f0c461e-9abb-407f-a2b3-034749ee08d5',33,'','2015-05-27 15:44:09'),
	(466,'4f0c461e-9abb-407f-a2b3-034749ee08d5',6,'','2015-05-27 15:44:09'),
	(467,'4f0c461e-9abb-407f-a2b3-034749ee08d5',8,'','2015-05-27 15:44:09'),
	(468,'4f0c461e-9abb-407f-a2b3-034749ee08d5',1,'','2015-05-27 15:44:09'),
	(469,'017a81be-36d6-4f6a-b53b-50a771abe853',64,'','2015-05-27 15:50:29'),
	(470,'017a81be-36d6-4f6a-b53b-50a771abe853',63,'','2015-05-27 15:50:29'),
	(471,'017a81be-36d6-4f6a-b53b-50a771abe853',18,'50','2015-05-27 15:50:29'),
	(472,'017a81be-36d6-4f6a-b53b-50a771abe853',37,'','2015-05-27 15:50:29'),
	(473,'017a81be-36d6-4f6a-b53b-50a771abe853',4,'','2015-05-27 15:50:29'),
	(474,'017a81be-36d6-4f6a-b53b-50a771abe853',10,'','2015-05-27 15:50:29'),
	(475,'017a81be-36d6-4f6a-b53b-50a771abe853',2,'','2015-05-27 15:50:29'),
	(476,'cf5ccd04-e230-445f-8345-4fb964dd0328',17,'71','2015-05-27 16:26:32'),
	(477,'cf5ccd04-e230-445f-8345-4fb964dd0328',37,'','2015-05-27 16:26:32'),
	(478,'cf5ccd04-e230-445f-8345-4fb964dd0328',3,'','2015-05-27 16:26:32'),
	(479,'cf5ccd04-e230-445f-8345-4fb964dd0328',9,'','2015-05-27 16:26:32'),
	(480,'cf5ccd04-e230-445f-8345-4fb964dd0328',1,'','2015-05-27 16:26:32'),
	(481,'bab83dec-900b-49f8-b873-91329c869227',20,'','2015-05-28 12:52:44'),
	(482,'bab83dec-900b-49f8-b873-91329c869227',18,'14','2015-05-28 12:52:44'),
	(483,'bab83dec-900b-49f8-b873-91329c869227',42,'','2015-05-28 12:52:44'),
	(484,'bab83dec-900b-49f8-b873-91329c869227',16,'','2015-05-28 12:52:44'),
	(485,'bab83dec-900b-49f8-b873-91329c869227',5,'','2015-05-28 12:52:44'),
	(486,'bab83dec-900b-49f8-b873-91329c869227',10,'','2015-05-28 12:52:44'),
	(487,'bab83dec-900b-49f8-b873-91329c869227',2,'','2015-05-28 12:52:44'),
	(488,'047060b8-8db5-4923-9ac7-a8979f7072c8',18,'25','2015-05-28 15:08:47'),
	(489,'047060b8-8db5-4923-9ac7-a8979f7072c8',53,'','2015-05-28 15:08:47'),
	(490,'047060b8-8db5-4923-9ac7-a8979f7072c8',31,'','2015-05-28 15:08:47'),
	(491,'047060b8-8db5-4923-9ac7-a8979f7072c8',12,'','2015-05-28 15:08:47'),
	(492,'047060b8-8db5-4923-9ac7-a8979f7072c8',5,'','2015-05-28 15:08:47'),
	(493,'047060b8-8db5-4923-9ac7-a8979f7072c8',10,'','2015-05-28 15:08:47'),
	(494,'047060b8-8db5-4923-9ac7-a8979f7072c8',1,'','2015-05-28 15:08:47'),
	(495,'756259d8-6657-40e5-9aed-eb913b1a2842',23,'','2015-06-01 11:08:16'),
	(496,'756259d8-6657-40e5-9aed-eb913b1a2842',18,'0','2015-06-01 11:08:16'),
	(497,'756259d8-6657-40e5-9aed-eb913b1a2842',65,'','2015-06-01 11:08:16'),
	(498,'756259d8-6657-40e5-9aed-eb913b1a2842',37,'','2015-06-01 11:08:16'),
	(499,'756259d8-6657-40e5-9aed-eb913b1a2842',34,'','2015-06-01 11:08:16'),
	(500,'756259d8-6657-40e5-9aed-eb913b1a2842',33,'','2015-06-01 11:08:16'),
	(501,'756259d8-6657-40e5-9aed-eb913b1a2842',6,'','2015-06-01 11:08:16'),
	(502,'756259d8-6657-40e5-9aed-eb913b1a2842',9,'','2015-06-01 11:08:16'),
	(503,'756259d8-6657-40e5-9aed-eb913b1a2842',1,'','2015-06-01 11:08:16'),
	(504,'bafed7b6-f079-49a1-b44d-7710ff18497e',27,'','2015-06-01 11:09:50'),
	(505,'bafed7b6-f079-49a1-b44d-7710ff18497e',28,'','2015-06-01 11:09:50'),
	(506,'bafed7b6-f079-49a1-b44d-7710ff18497e',62,'','2015-06-01 11:09:50'),
	(507,'bafed7b6-f079-49a1-b44d-7710ff18497e',22,'','2015-06-01 11:09:50'),
	(508,'bafed7b6-f079-49a1-b44d-7710ff18497e',23,'','2015-06-01 11:09:50'),
	(509,'bafed7b6-f079-49a1-b44d-7710ff18497e',17,'76','2015-06-01 11:09:50'),
	(510,'bafed7b6-f079-49a1-b44d-7710ff18497e',65,'','2015-06-01 11:09:50'),
	(511,'bafed7b6-f079-49a1-b44d-7710ff18497e',37,'','2015-06-01 11:09:50'),
	(512,'bafed7b6-f079-49a1-b44d-7710ff18497e',35,'','2015-06-01 11:09:50'),
	(513,'bafed7b6-f079-49a1-b44d-7710ff18497e',33,'','2015-06-01 11:09:50'),
	(514,'bafed7b6-f079-49a1-b44d-7710ff18497e',6,'','2015-06-01 11:09:50'),
	(515,'bafed7b6-f079-49a1-b44d-7710ff18497e',9,'','2015-06-01 11:09:50'),
	(516,'bafed7b6-f079-49a1-b44d-7710ff18497e',2,'','2015-06-01 11:09:50'),
	(517,'9d37efc3-fb70-4490-82fe-9fac0e93858a',18,'37','2015-06-02 15:31:48'),
	(518,'9d37efc3-fb70-4490-82fe-9fac0e93858a',44,'','2015-06-02 15:31:48'),
	(519,'9d37efc3-fb70-4490-82fe-9fac0e93858a',13,'','2015-06-02 15:31:48'),
	(520,'9d37efc3-fb70-4490-82fe-9fac0e93858a',4,'','2015-06-02 15:31:48'),
	(521,'9d37efc3-fb70-4490-82fe-9fac0e93858a',9,'','2015-06-02 15:31:48'),
	(522,'9d37efc3-fb70-4490-82fe-9fac0e93858a',1,'','2015-06-02 15:31:48'),
	(523,'b178e6e7-00b6-4bdf-a68c-6a48cc2746b7',18,'38','2015-06-02 15:42:43'),
	(524,'b178e6e7-00b6-4bdf-a68c-6a48cc2746b7',46,'','2015-06-02 15:42:43'),
	(525,'b178e6e7-00b6-4bdf-a68c-6a48cc2746b7',14,'','2015-06-02 15:42:43'),
	(526,'b178e6e7-00b6-4bdf-a68c-6a48cc2746b7',5,'','2015-06-02 15:42:43'),
	(527,'b178e6e7-00b6-4bdf-a68c-6a48cc2746b7',8,'','2015-06-02 15:42:43'),
	(528,'b178e6e7-00b6-4bdf-a68c-6a48cc2746b7',1,'','2015-06-02 15:42:43'),
	(529,'0c477dca-115d-4192-a5fc-a851918db290',18,'50','2015-06-02 16:06:31'),
	(530,'0c477dca-115d-4192-a5fc-a851918db290',51,'','2015-06-02 16:06:31'),
	(531,'0c477dca-115d-4192-a5fc-a851918db290',30,'','2015-06-02 16:06:31'),
	(532,'0c477dca-115d-4192-a5fc-a851918db290',12,'','2015-06-02 16:06:31'),
	(533,'0c477dca-115d-4192-a5fc-a851918db290',32,'','2015-06-02 16:06:31'),
	(534,'0c477dca-115d-4192-a5fc-a851918db290',6,'','2015-06-02 16:06:31'),
	(535,'0c477dca-115d-4192-a5fc-a851918db290',10,'','2015-06-02 16:06:31'),
	(536,'0c477dca-115d-4192-a5fc-a851918db290',1,'','2015-06-02 16:06:31'),
	(537,'f0adbd01-7123-429c-bb7e-8ba81296ed9f',18,'50','2015-06-02 16:13:56'),
	(538,'f0adbd01-7123-429c-bb7e-8ba81296ed9f',48,'','2015-06-02 16:13:56'),
	(539,'f0adbd01-7123-429c-bb7e-8ba81296ed9f',15,'','2015-06-02 16:13:56'),
	(540,'f0adbd01-7123-429c-bb7e-8ba81296ed9f',4,'','2015-06-02 16:13:56'),
	(541,'f0adbd01-7123-429c-bb7e-8ba81296ed9f',9,'','2015-06-02 16:13:56'),
	(542,'f0adbd01-7123-429c-bb7e-8ba81296ed9f',1,'','2015-06-02 16:13:56'),
	(543,'8744d0fe-98dd-41d5-bec0-510a1483d7b7',18,'50','2015-06-02 16:16:04'),
	(544,'8744d0fe-98dd-41d5-bec0-510a1483d7b7',48,'','2015-06-02 16:16:04'),
	(545,'8744d0fe-98dd-41d5-bec0-510a1483d7b7',15,'','2015-06-02 16:16:04'),
	(546,'8744d0fe-98dd-41d5-bec0-510a1483d7b7',4,'','2015-06-02 16:16:04'),
	(547,'8744d0fe-98dd-41d5-bec0-510a1483d7b7',9,'','2015-06-02 16:16:04'),
	(548,'8744d0fe-98dd-41d5-bec0-510a1483d7b7',1,'','2015-06-02 16:16:04'),
	(549,'557d6e3c-5489-472c-8e95-2602479b0bfa',18,'50','2015-06-02 16:19:17'),
	(550,'557d6e3c-5489-472c-8e95-2602479b0bfa',47,'','2015-06-02 16:19:17'),
	(551,'557d6e3c-5489-472c-8e95-2602479b0bfa',14,'','2015-06-02 16:19:17'),
	(552,'557d6e3c-5489-472c-8e95-2602479b0bfa',5,'','2015-06-02 16:19:17'),
	(553,'557d6e3c-5489-472c-8e95-2602479b0bfa',10,'','2015-06-02 16:19:17'),
	(554,'557d6e3c-5489-472c-8e95-2602479b0bfa',2,'','2015-06-02 16:19:17'),
	(555,'e5b7eede-1111-418a-a93b-dde9a73ad7db',18,'28','2015-06-02 16:40:37'),
	(556,'e5b7eede-1111-418a-a93b-dde9a73ad7db',66,'','2015-06-02 16:40:37'),
	(557,'e5b7eede-1111-418a-a93b-dde9a73ad7db',37,'','2015-06-02 16:40:37'),
	(558,'e5b7eede-1111-418a-a93b-dde9a73ad7db',35,'','2015-06-02 16:40:37'),
	(559,'e5b7eede-1111-418a-a93b-dde9a73ad7db',33,'','2015-06-02 16:40:37'),
	(560,'e5b7eede-1111-418a-a93b-dde9a73ad7db',6,'','2015-06-02 16:40:37'),
	(561,'e5b7eede-1111-418a-a93b-dde9a73ad7db',8,'','2015-06-02 16:40:37'),
	(562,'e5b7eede-1111-418a-a93b-dde9a73ad7db',1,'','2015-06-02 16:40:37'),
	(563,'1ea43ede-e30a-44dc-8824-a4f5d72252d0',21,'','2015-06-03 18:40:07'),
	(564,'1ea43ede-e30a-44dc-8824-a4f5d72252d0',18,'21','2015-06-03 18:40:07'),
	(565,'1ea43ede-e30a-44dc-8824-a4f5d72252d0',66,'','2015-06-03 18:40:07'),
	(566,'1ea43ede-e30a-44dc-8824-a4f5d72252d0',37,'','2015-06-03 18:40:07'),
	(567,'1ea43ede-e30a-44dc-8824-a4f5d72252d0',3,'','2015-06-03 18:40:07'),
	(568,'1ea43ede-e30a-44dc-8824-a4f5d72252d0',7,'','2015-06-03 18:40:07'),
	(569,'1ea43ede-e30a-44dc-8824-a4f5d72252d0',2,'','2015-06-03 18:40:07'),
	(570,'2c6a0d0d-8e1f-433f-9d9f-6c48f092d465',17,'71','2015-06-04 09:46:28'),
	(571,'2c6a0d0d-8e1f-433f-9d9f-6c48f092d465',53,'','2015-06-04 09:46:28'),
	(572,'2c6a0d0d-8e1f-433f-9d9f-6c48f092d465',31,'','2015-06-04 09:46:28'),
	(573,'2c6a0d0d-8e1f-433f-9d9f-6c48f092d465',12,'','2015-06-04 09:46:28'),
	(574,'2c6a0d0d-8e1f-433f-9d9f-6c48f092d465',60,'','2015-06-04 09:46:28'),
	(575,'2c6a0d0d-8e1f-433f-9d9f-6c48f092d465',6,'','2015-06-04 09:46:28'),
	(576,'2c6a0d0d-8e1f-433f-9d9f-6c48f092d465',8,'','2015-06-04 09:46:28'),
	(577,'2c6a0d0d-8e1f-433f-9d9f-6c48f092d465',2,'','2015-06-04 09:46:28'),
	(578,'4a98e859-bf8e-4bc9-8e9d-684ee412ad4e',18,'50','2015-06-04 10:23:28'),
	(579,'4a98e859-bf8e-4bc9-8e9d-684ee412ad4e',45,'','2015-06-04 10:23:28'),
	(580,'4a98e859-bf8e-4bc9-8e9d-684ee412ad4e',13,'','2015-06-04 10:23:28'),
	(581,'4a98e859-bf8e-4bc9-8e9d-684ee412ad4e',4,'','2015-06-04 10:23:28'),
	(582,'4a98e859-bf8e-4bc9-8e9d-684ee412ad4e',9,'','2015-06-04 10:23:28'),
	(583,'4a98e859-bf8e-4bc9-8e9d-684ee412ad4e',2,'','2015-06-04 10:23:28'),
	(584,'5a696be2-10f6-4615-8577-b9c51343e987',18,'50','2015-06-04 10:25:12'),
	(585,'5a696be2-10f6-4615-8577-b9c51343e987',39,'','2015-06-04 10:25:12'),
	(586,'5a696be2-10f6-4615-8577-b9c51343e987',29,'','2015-06-04 10:25:12'),
	(587,'5a696be2-10f6-4615-8577-b9c51343e987',4,'','2015-06-04 10:25:12'),
	(588,'5a696be2-10f6-4615-8577-b9c51343e987',9,'','2015-06-04 10:25:12'),
	(589,'5a696be2-10f6-4615-8577-b9c51343e987',1,'','2015-06-04 10:25:12'),
	(590,'e7defc39-3c1b-4c12-9f5a-83331cbeee9a',17,'80','2015-06-05 10:58:58'),
	(591,'e7defc39-3c1b-4c12-9f5a-83331cbeee9a',66,'','2015-06-05 10:58:58'),
	(592,'e7defc39-3c1b-4c12-9f5a-83331cbeee9a',37,'','2015-06-05 10:58:58'),
	(593,'e7defc39-3c1b-4c12-9f5a-83331cbeee9a',60,'','2015-06-05 10:58:58'),
	(594,'e7defc39-3c1b-4c12-9f5a-83331cbeee9a',6,'','2015-06-05 10:58:58'),
	(595,'e7defc39-3c1b-4c12-9f5a-83331cbeee9a',10,'','2015-06-05 10:58:58'),
	(596,'e7defc39-3c1b-4c12-9f5a-83331cbeee9a',2,'','2015-06-05 10:58:58'),
	(597,'6cde3e5b-50a1-4337-bd6e-26bb992448cb',17,'100','2015-06-05 10:59:36'),
	(598,'6cde3e5b-50a1-4337-bd6e-26bb992448cb',41,'','2015-06-05 10:59:36'),
	(599,'6cde3e5b-50a1-4337-bd6e-26bb992448cb',11,'','2015-06-05 10:59:36'),
	(600,'6cde3e5b-50a1-4337-bd6e-26bb992448cb',3,'','2015-06-05 10:59:36'),
	(601,'6cde3e5b-50a1-4337-bd6e-26bb992448cb',10,'','2015-06-05 10:59:36'),
	(602,'6cde3e5b-50a1-4337-bd6e-26bb992448cb',2,'','2015-06-05 10:59:36'),
	(603,'a4288392-d0d8-407d-9b76-cfed2d10cf0a',27,'','2015-06-06 19:51:27'),
	(604,'a4288392-d0d8-407d-9b76-cfed2d10cf0a',22,'','2015-06-06 19:51:27'),
	(605,'a4288392-d0d8-407d-9b76-cfed2d10cf0a',24,'','2015-06-06 19:51:27'),
	(606,'a4288392-d0d8-407d-9b76-cfed2d10cf0a',18,'50','2015-06-06 19:51:27'),
	(607,'a4288392-d0d8-407d-9b76-cfed2d10cf0a',44,'','2015-06-06 19:51:27'),
	(608,'a4288392-d0d8-407d-9b76-cfed2d10cf0a',13,'','2015-06-06 19:51:27'),
	(609,'a4288392-d0d8-407d-9b76-cfed2d10cf0a',4,'','2015-06-06 19:51:27'),
	(610,'a4288392-d0d8-407d-9b76-cfed2d10cf0a',9,'','2015-06-06 19:51:27'),
	(611,'a4288392-d0d8-407d-9b76-cfed2d10cf0a',1,'','2015-06-06 19:51:27'),
	(612,'db5b5f15-65aa-4e58-ac15-bc743ed4eff4',17,'72','2015-06-07 12:58:36'),
	(613,'db5b5f15-65aa-4e58-ac15-bc743ed4eff4',66,'','2015-06-07 12:58:36'),
	(614,'db5b5f15-65aa-4e58-ac15-bc743ed4eff4',37,'','2015-06-07 12:58:36'),
	(615,'db5b5f15-65aa-4e58-ac15-bc743ed4eff4',36,'','2015-06-07 12:58:36'),
	(616,'db5b5f15-65aa-4e58-ac15-bc743ed4eff4',33,'','2015-06-07 12:58:36'),
	(617,'db5b5f15-65aa-4e58-ac15-bc743ed4eff4',6,'','2015-06-07 12:58:36'),
	(618,'db5b5f15-65aa-4e58-ac15-bc743ed4eff4',9,'','2015-06-07 12:58:36'),
	(619,'db5b5f15-65aa-4e58-ac15-bc743ed4eff4',2,'','2015-06-07 12:58:36'),
	(620,'22bdd478-2ef0-4836-a519-6458537fdf2e',18,'16','2015-06-07 13:06:44'),
	(621,'22bdd478-2ef0-4836-a519-6458537fdf2e',39,'','2015-06-07 13:06:44'),
	(622,'22bdd478-2ef0-4836-a519-6458537fdf2e',29,'','2015-06-07 13:06:44'),
	(623,'22bdd478-2ef0-4836-a519-6458537fdf2e',5,'','2015-06-07 13:06:44'),
	(624,'22bdd478-2ef0-4836-a519-6458537fdf2e',10,'','2015-06-07 13:06:44'),
	(625,'22bdd478-2ef0-4836-a519-6458537fdf2e',2,'','2015-06-07 13:06:44'),
	(626,'db59b954-22a0-43e9-9d61-06f1fedf9fe0',18,'15','2015-06-07 13:08:01'),
	(627,'db59b954-22a0-43e9-9d61-06f1fedf9fe0',47,'','2015-06-07 13:08:01'),
	(628,'db59b954-22a0-43e9-9d61-06f1fedf9fe0',14,'','2015-06-07 13:08:01'),
	(629,'db59b954-22a0-43e9-9d61-06f1fedf9fe0',5,'','2015-06-07 13:08:01'),
	(630,'db59b954-22a0-43e9-9d61-06f1fedf9fe0',7,'','2015-06-07 13:08:01'),
	(631,'db59b954-22a0-43e9-9d61-06f1fedf9fe0',2,'','2015-06-07 13:08:01'),
	(632,'00ebd799-cf6a-4765-8954-06d528821a35',17,'60','2015-06-08 10:45:09'),
	(633,'00ebd799-cf6a-4765-8954-06d528821a35',51,'','2015-06-08 10:45:09'),
	(634,'00ebd799-cf6a-4765-8954-06d528821a35',30,'','2015-06-08 10:45:09'),
	(635,'00ebd799-cf6a-4765-8954-06d528821a35',12,'','2015-06-08 10:45:09'),
	(636,'00ebd799-cf6a-4765-8954-06d528821a35',32,'','2015-06-08 10:45:09'),
	(637,'00ebd799-cf6a-4765-8954-06d528821a35',6,'','2015-06-08 10:45:09'),
	(638,'00ebd799-cf6a-4765-8954-06d528821a35',7,'','2015-06-08 10:45:09'),
	(639,'00ebd799-cf6a-4765-8954-06d528821a35',1,'','2015-06-08 10:45:09'),
	(640,'1cf00374-e480-4d2d-a0f0-63d7e6816df7',62,'','2015-06-08 12:18:53'),
	(641,'1cf00374-e480-4d2d-a0f0-63d7e6816df7',22,'','2015-06-08 12:18:53'),
	(642,'1cf00374-e480-4d2d-a0f0-63d7e6816df7',23,'','2015-06-08 12:18:53'),
	(643,'1cf00374-e480-4d2d-a0f0-63d7e6816df7',18,'7','2015-06-08 12:18:53'),
	(644,'1cf00374-e480-4d2d-a0f0-63d7e6816df7',52,'','2015-06-08 12:18:53'),
	(645,'1cf00374-e480-4d2d-a0f0-63d7e6816df7',31,'','2015-06-08 12:18:53'),
	(646,'1cf00374-e480-4d2d-a0f0-63d7e6816df7',12,'','2015-06-08 12:18:53'),
	(647,'1cf00374-e480-4d2d-a0f0-63d7e6816df7',3,'','2015-06-08 12:18:53'),
	(648,'1cf00374-e480-4d2d-a0f0-63d7e6816df7',7,'','2015-06-08 12:18:53'),
	(649,'1cf00374-e480-4d2d-a0f0-63d7e6816df7',1,'','2015-06-08 12:18:53'),
	(650,'bed0e5db-3e5d-46c7-a2d4-bacd7c312a91',21,'','2015-06-08 12:18:58'),
	(651,'bed0e5db-3e5d-46c7-a2d4-bacd7c312a91',20,'','2015-06-08 12:18:58'),
	(652,'bed0e5db-3e5d-46c7-a2d4-bacd7c312a91',22,'','2015-06-08 12:18:58'),
	(653,'bed0e5db-3e5d-46c7-a2d4-bacd7c312a91',17,'68','2015-06-08 12:18:58'),
	(654,'bed0e5db-3e5d-46c7-a2d4-bacd7c312a91',66,'','2015-06-08 12:18:58'),
	(655,'bed0e5db-3e5d-46c7-a2d4-bacd7c312a91',37,'','2015-06-08 12:18:58'),
	(656,'bed0e5db-3e5d-46c7-a2d4-bacd7c312a91',5,'','2015-06-08 12:18:58'),
	(657,'bed0e5db-3e5d-46c7-a2d4-bacd7c312a91',10,'','2015-06-08 12:18:58'),
	(658,'bed0e5db-3e5d-46c7-a2d4-bacd7c312a91',1,'','2015-06-08 12:18:58'),
	(659,'f625bdab-014f-4552-9313-c0a6612d69e9',18,'50','2015-06-08 12:24:01'),
	(660,'f625bdab-014f-4552-9313-c0a6612d69e9',50,'','2015-06-08 12:24:01'),
	(661,'f625bdab-014f-4552-9313-c0a6612d69e9',30,'','2015-06-08 12:24:01'),
	(662,'f625bdab-014f-4552-9313-c0a6612d69e9',12,'','2015-06-08 12:24:01'),
	(663,'f625bdab-014f-4552-9313-c0a6612d69e9',3,'','2015-06-08 12:24:01'),
	(664,'f625bdab-014f-4552-9313-c0a6612d69e9',9,'','2015-06-08 12:24:01'),
	(665,'f625bdab-014f-4552-9313-c0a6612d69e9',2,'','2015-06-08 12:24:01');

/*!40000 ALTER TABLE `tblSurvey` ENABLE KEYS */;
UNLOCK TABLES;


# Dump of table users
# ------------------------------------------------------------

DROP TABLE IF EXISTS `users`;

CREATE TABLE `users` (
  `userId` int(11) NOT NULL auto_increment,
  `userEmail` varchar(128) NOT NULL,
  `userPassword` varchar(32) NOT NULL,
  `userStatus` varchar(50) NOT NULL default 'active',
  PRIMARY KEY  (`userId`)
) ENGINE=MyISAM DEFAULT CHARSET=latin1;

LOCK TABLES `users` WRITE;
/*!40000 ALTER TABLE `users` DISABLE KEYS */;

INSERT INTO `users` (`userId`, `userEmail`, `userPassword`, `userStatus`)
VALUES
	(6,'admin','21232f297a57a5a743894a0e4a801fc3','active'),
	(7,'mattw@click3x.com','6423c2a2f26b30abf09608c78f711ea5','active');

/*!40000 ALTER TABLE `users` ENABLE KEYS */;
UNLOCK TABLES;



/*!40111 SET SQL_NOTES=@OLD_SQL_NOTES */;
/*!40101 SET SQL_MODE=@OLD_SQL_MODE */;
/*!40014 SET FOREIGN_KEY_CHECKS=@OLD_FOREIGN_KEY_CHECKS */;
/*!40101 SET CHARACTER_SET_CLIENT=@OLD_CHARACTER_SET_CLIENT */;
/*!40101 SET CHARACTER_SET_RESULTS=@OLD_CHARACTER_SET_RESULTS */;
/*!40101 SET COLLATION_CONNECTION=@OLD_COLLATION_CONNECTION */;
