-- phpMyAdmin SQL Dump
-- version 3.4.10.1deb1
-- http://www.phpmyadmin.net
--
-- Host: localhost
-- Generation Time: Jul 03, 2015 at 06:01 PM
-- Server version: 5.5.43
-- PHP Version: 5.4.31-1+deb.sury.org~precise+1

SET SQL_MODE="NO_AUTO_VALUE_ON_ZERO";
SET time_zone = "+00:00";


/*!40101 SET @OLD_CHARACTER_SET_CLIENT=@@CHARACTER_SET_CLIENT */;
/*!40101 SET @OLD_CHARACTER_SET_RESULTS=@@CHARACTER_SET_RESULTS */;
/*!40101 SET @OLD_COLLATION_CONNECTION=@@COLLATION_CONNECTION */;
/*!40101 SET NAMES utf8 */;

--
-- Database: `c3x_bedgear`
--

-- --------------------------------------------------------

--
-- Table structure for table `tblAnswer`
--

DROP TABLE IF EXISTS `tblAnswer`;
CREATE TABLE IF NOT EXISTS `tblAnswer` (
  `answerId` int(11) NOT NULL AUTO_INCREMENT,
  `answerText` varchar(255) DEFAULT NULL,
  `answerNumber` int(11) DEFAULT NULL,
  `answerBitpos` int(11) DEFAULT NULL,
  `questionId` int(11) DEFAULT NULL,
  `answerTimeStamp` timestamp NOT NULL DEFAULT CURRENT_TIMESTAMP ON UPDATE CURRENT_TIMESTAMP,
  PRIMARY KEY (`answerId`)
) ENGINE=InnoDB  DEFAULT CHARSET=utf8 AUTO_INCREMENT=65 ;

--
-- Dumping data for table `tblAnswer`
--

INSERT INTO `tblAnswer` (`answerId`, `answerText`, `answerNumber`, `answerBitpos`, `questionId`, `answerTimeStamp`) VALUES
(1, 'Male', 1, 0, 1, '2015-01-30 00:55:08'),
(2, 'Female', 2, 0, 1, '2015-01-30 00:55:02'),
(3, 'Stomach', 1, 4, 2, '2015-01-29 20:42:55'),
(4, 'Back', 2, 8, 2, '2015-01-29 20:43:02'),
(5, 'Side', 3, 16, 2, '2015-01-29 20:43:09'),
(6, 'Multiple', 4, 32, 2, '2015-01-29 20:43:14'),
(7, 'X-Small <span class="male">up to 38</span> <span class="female">0-2</span>', 1, 64, 3, '2015-07-03 15:49:17'),
(8, 'Small <span class="male">40</span><span class="female">2-6</span>', 2, 128, 3, '2015-07-03 15:48:20'),
(9, 'Medium <span class="male">42</span><span class="female">8-10</span>', 3, 256, 3, '2015-07-03 15:47:24'),
(10, 'Large <span class="male">44+</span> <span class="female">12+</span>', 4, 512, 3, '2015-07-03 15:46:35'),
(11, 'Air Bed', 1, 1024, 4, '2015-01-29 20:43:54'),
(12, 'Hybrid Mattress', 2, 2048, 4, '2015-02-04 15:58:54'),
(13, 'Latex Mattress', 3, 4096, 4, '2015-02-04 15:59:36'),
(14, 'Memory Foam (Visco) Mattress', 4, 8192, 4, '2015-02-04 16:00:20'),
(15, 'Pillow Top Mattress', 5, 16384, 4, '2015-02-04 16:00:43'),
(16, 'Innerspring Mattress', 6, 32768, 4, '2015-02-04 15:59:20'),
(17, 'Hot', 1, 1, 5, '2015-01-30 13:36:32'),
(18, 'Cold', 2, 0, 5, '2015-01-30 13:37:26'),
(19, 'Neither', 3, 0, 5, '2015-01-30 13:37:51'),
(20, 'Snoring', 1, 0, 19, '2015-02-04 15:40:02'),
(21, 'Body Pillow', 1, 0, 20, '2015-02-04 15:44:17'),
(22, 'Overall hot with cold extremities', 2, 0, 19, '2015-02-04 15:40:35'),
(23, 'Pregnancy', 3, 0, 19, '2015-02-04 15:40:50'),
(24, 'Insomnia', 4, 0, 19, '2015-02-04 15:41:02'),
(25, 'Night sweats', 5, 0, 19, '2015-02-04 15:41:19'),
(26, 'Flip to the cool side of the pillow', 6, 0, 19, '2015-03-11 19:41:53'),
(27, 'Leg Support Pillow', 2, 0, 20, '2015-02-04 15:44:35'),
(28, 'Back Pillow for reading', 3, 0, 20, '2015-02-04 15:45:13'),
(29, 'Waterbed', 7, 65536, 4, '2015-02-02 22:26:34'),
(30, 'Memory Foam & Spring', 1, 0, 8, '2015-02-03 16:34:51'),
(31, 'Latex & Spring', 2, 0, 8, '2015-02-03 16:34:46'),
(32, 'Back', 2, 0, 9, '2015-03-11 19:34:38'),
(33, 'Don''t Know', 4, 0, 9, '2015-03-11 19:34:27'),
(34, 'Stomach', 1, 0, 10, '2015-02-04 15:22:44'),
(35, 'Back', 2, 0, 10, '2015-02-04 15:23:08'),
(36, 'Side', 3, 0, 10, '2015-02-04 15:23:24'),
(37, 'I Don''t Know', 8, 32768, 4, '2015-05-29 20:28:00'),
(38, 'Yes', 1, 0, 11, '2015-02-04 15:30:33'),
(39, 'No', 2, 0, 11, '2015-02-04 15:30:50'),
(40, 'Yes', 1, 0, 12, '2015-02-04 15:31:58'),
(41, 'No', 2, 0, 12, '2015-02-04 15:32:09'),
(42, 'Yes', 1, 0, 13, '2015-02-04 15:32:56'),
(43, 'No', 2, 0, 13, '2015-02-04 15:33:07'),
(44, 'Yes', 1, 0, 14, '2015-02-04 15:33:50'),
(45, 'No', 2, 0, 14, '2015-02-04 15:34:04'),
(46, 'Yes', 1, 0, 15, '2015-02-04 15:34:38'),
(47, 'No', 2, 0, 15, '2015-02-04 15:34:49'),
(48, 'Yes', 1, 0, 16, '2015-02-04 15:35:23'),
(49, 'No', 2, 0, 16, '2015-02-04 15:35:34'),
(50, 'Yes', 1, 0, 17, '2015-02-04 15:36:15'),
(51, 'No', 2, 0, 17, '2015-02-04 15:36:29'),
(52, 'Yes', 1, 0, 18, '2015-02-04 15:37:02'),
(53, 'No', 2, 0, 18, '2015-02-04 15:37:14'),
(54, 'Yes', 1, 0, 6, '2015-02-04 15:38:19'),
(55, 'No', 2, 0, 6, '2015-02-04 15:38:36'),
(56, 'Yes', 1, 0, 7, '2015-02-04 15:43:05'),
(57, 'No', 2, 0, 7, '2015-02-04 15:43:21'),
(59, 'Stomach', 1, 0, 9, '2015-03-11 19:34:54'),
(60, 'Side', 3, 0, 9, '2015-03-11 19:35:10'),
(61, 'Don''t Know', 4, 0, 10, '2015-03-11 19:37:06'),
(62, 'Sleep with my arm beneath pillow', 1, 0, 19, '2015-03-11 19:42:32'),
(63, 'No', 8, 0, 19, '2015-03-11 19:43:43'),
(64, 'No', 8, 0, 20, '2015-03-11 19:44:53');

-- --------------------------------------------------------

--
-- Table structure for table `tblBenefit`
--

DROP TABLE IF EXISTS `tblBenefit`;
CREATE TABLE IF NOT EXISTS `tblBenefit` (
  `benefitId` int(11) NOT NULL AUTO_INCREMENT,
  `benefitName` varchar(200) DEFAULT NULL,
  `productId` int(11) DEFAULT NULL,
  `benefitX` varchar(20) DEFAULT NULL,
  `benefitY` varchar(20) DEFAULT NULL,
  `benefitTimeStamp` timestamp NOT NULL DEFAULT CURRENT_TIMESTAMP ON UPDATE CURRENT_TIMESTAMP,
  PRIMARY KEY (`benefitId`)
) ENGINE=InnoDB  DEFAULT CHARSET=utf8 AUTO_INCREMENT=66 ;

--
-- Dumping data for table `tblBenefit`
--

INSERT INTO `tblBenefit` (`benefitId`, `benefitName`, `productId`, `benefitX`, `benefitY`, `benefitTimeStamp`) VALUES
(1, 'Temperature Regulating & Moisture Wicking', 6, '100', '90', '2015-06-03 13:38:57'),
(2, 'Pressure-free, adapts to you', 6, '210', '200', '2015-06-03 13:43:25'),
(3, 'Enhanced Airflow', 6, '320', '160', '2015-06-03 13:42:17'),
(4, 'Responsive <br/>Cushioning', 6, '400', '90', '2015-06-03 13:47:15'),
(5, 'Temperature Regulating & Moisture Wicking', 1, '100', '90', '2015-06-03 14:01:18'),
(6, 'Temperature Regulating & Moisture Wicking', 3, '100', '90', '2015-06-03 14:01:18'),
(7, 'Temperature Regulating & Moisture Wicking', 7, '100', '90', '2015-06-03 14:01:18'),
(8, 'Temperature Regulating & Moisture Wicking', 8, '100', '90', '2015-06-03 14:01:18'),
(9, 'Temperature Regulating & Moisture Wicking', 9, '100', '90', '2015-06-03 14:01:18'),
(10, 'Temperature Regulating & Moisture Wicking', 10, '100', '90', '2015-06-03 14:01:18'),
(11, 'Temperature Regulating & Moisture Wicking', 11, '100', '90', '2015-06-03 14:01:18'),
(12, 'Instant Heat Deflection & Active Climate Control', 4, '100', '90', '2015-06-03 14:01:18'),
(13, 'Instant Heat Deflection & Active Climate Control', 5, '100', '90', '2015-06-03 14:01:18'),
(14, 'Instant Heat Deflection & Active Climate Control', 12, '100', '90', '2015-06-03 14:01:18'),
(15, 'Instant Heat Deflection & Active Climate Control', 13, '100', '90', '2015-06-03 14:01:18'),
(16, 'Instant Heat Deflection & Active Climate Control', 14, '100', '90', '2015-06-03 14:01:18'),
(17, 'Instant Heat Deflection & Active Climate Control', 15, '100', '90', '2015-06-03 14:01:18'),
(18, 'Instant Heat Deflection & Active Climate Control', 16, '100', '90', '2015-06-03 14:01:18'),
(19, 'Instant Heat Deflection & Active Climate Control', 17, '100', '90', '2015-06-03 14:01:18'),
(20, 'Pressure-free, adapts to you', 1, '210', '200', '2015-06-03 13:54:34'),
(21, 'Pressure-free, adapts to you', 3, '210', '200', '2015-06-03 13:54:34'),
(23, 'Pressure-free, adapts to you', 7, '210', '200', '2015-06-03 13:54:34'),
(24, 'Pressure-free, adapts to you', 4, '210', '200', '2015-06-03 13:54:34'),
(25, 'Pressure-free, adapts to you', 5, '210', '200', '2015-06-03 13:54:34'),
(26, 'Pressure-free, adapts to you', 12, '210', '200', '2015-06-03 13:54:34'),
(27, 'Pressure-free, adapts to you', 13, '210', '200', '2015-06-03 13:54:34'),
(28, 'Weightless support, cradles your body', 8, '210', '200', '2015-06-03 13:54:34'),
(29, 'Weightless support, cradles your body', 9, '210', '200', '2015-06-03 13:54:34'),
(30, 'Weightless support, cradles your body', 10, '210', '200', '2015-06-03 13:54:34'),
(31, 'Weightless support, cradles your body', 11, '210', '200', '2015-06-03 13:54:34'),
(32, 'Weightless support, cradles your body', 14, '210', '200', '2015-06-03 13:54:34'),
(33, 'Weightless support, cradles your body', 15, '210', '200', '2015-06-03 13:54:34'),
(34, 'Weightless support, cradles your body', 16, '210', '200', '2015-06-03 13:54:34'),
(35, 'Weightless support, cradles your body', 17, '210', '200', '2015-06-03 13:54:34'),
(36, 'Enhanced Airflow', 1, '320', '160', '2015-06-03 13:55:25'),
(37, 'Enhanced Airflow', 3, '320', '160', '2015-06-03 13:55:25'),
(38, 'Enhanced Airflow', 7, '320', '160', '2015-06-03 13:55:25'),
(39, 'Enhanced Airflow', 8, '320', '160', '2015-06-03 13:55:25'),
(40, 'Enhanced Airflow', 9, '320', '160', '2015-06-03 13:55:25'),
(41, 'Enhanced Airflow', 10, '320', '160', '2015-06-03 13:55:25'),
(42, 'Enhanced Airflow', 11, '320', '160', '2015-06-03 13:55:25'),
(43, 'Enhanced Airflow', 4, '320', '160', '2015-06-03 13:55:25'),
(44, 'Enhanced Airflow', 5, '320', '160', '2015-06-03 13:55:25'),
(45, 'Enhanced Airflow', 12, '320', '160', '2015-06-03 13:55:25'),
(46, 'Enhanced Airflow', 13, '320', '160', '2015-06-03 13:55:25'),
(47, 'Enhanced Airflow', 14, '320', '160', '2015-06-03 13:55:25'),
(48, 'Enhanced Airflow', 15, '320', '160', '2015-06-03 13:55:25'),
(49, 'Enhanced Airflow', 16, '320', '160', '2015-06-03 13:55:25'),
(50, 'Enhanced Airflow', 17, '320', '160', '2015-06-03 13:55:25'),
(51, 'Responsive <br/>Cushioning', 1, '400', '90', '2015-06-03 13:54:50'),
(52, 'Responsive <br/>Cushioning', 3, '400', '90', '2015-06-03 13:54:50'),
(53, 'Responsive <br/>Cushioning', 7, '400', '90', '2015-06-03 13:54:50'),
(54, 'Responsive <br/>Cushioning', 8, '400', '90', '2015-06-03 13:54:50'),
(55, 'Responsive <br/>Cushioning', 9, '400', '90', '2015-06-03 13:54:50'),
(56, 'Responsive <br/>Cushioning', 10, '400', '90', '2015-06-03 13:54:50'),
(57, 'Responsive <br/>Cushioning', 11, '400', '90', '2015-06-03 13:54:50'),
(58, 'Maximum Flexibility & Support', 4, '400', '90', '2015-06-03 13:54:50'),
(59, 'Maximum Flexibility & Support', 5, '400', '90', '2015-06-03 13:54:50'),
(60, 'Maximum Flexibility & Support', 12, '400', '90', '2015-06-03 13:54:50'),
(61, 'Maximum Flexibility & Support', 13, '400', '90', '2015-06-03 13:54:50'),
(62, 'Maximum Flexibility & Support', 14, '400', '90', '2015-06-03 13:54:50'),
(63, 'Maximum Flexibility & Support', 15, '400', '90', '2015-06-03 13:54:50'),
(64, 'Maximum Flexibility & Support', 16, '400', '90', '2015-06-03 13:54:50'),
(65, 'Maximum Flexibility & Support', 17, '400', '90', '2015-06-03 13:54:50');

-- --------------------------------------------------------

--
-- Table structure for table `tblEmail`
--

DROP TABLE IF EXISTS `tblEmail`;
CREATE TABLE IF NOT EXISTS `tblEmail` (
  `emailId` int(11) NOT NULL AUTO_INCREMENT,
  `emailToName` varchar(200) DEFAULT NULL,
  `emailFrom` varchar(200) DEFAULT NULL,
  `emailFromName` varchar(200) DEFAULT NULL,
  `emailMessage` varchar(200) DEFAULT NULL,
  `emailTimeStamp` timestamp NOT NULL DEFAULT CURRENT_TIMESTAMP ON UPDATE CURRENT_TIMESTAMP,
  PRIMARY KEY (`emailId`)
) ENGINE=InnoDB  DEFAULT CHARSET=utf8 AUTO_INCREMENT=3 ;

--
-- Dumping data for table `tblEmail`
--

INSERT INTO `tblEmail` (`emailId`, `emailToName`, `emailFrom`, `emailFromName`, `emailMessage`, `emailTimeStamp`) VALUES
(1, '', '0', '0', '0', '2015-06-15 21:57:40'),
(2, '', 'mattw@click3x.com', 'Bedgear', 'Template', '2015-06-16 19:00:34');

-- --------------------------------------------------------

--
-- Table structure for table `tblProduct`
--

DROP TABLE IF EXISTS `tblProduct`;
CREATE TABLE IF NOT EXISTS `tblProduct` (
  `productId` int(11) NOT NULL AUTO_INCREMENT,
  `productName` varchar(100) DEFAULT NULL,
  `productText` varchar(255) DEFAULT NULL,
  `productImage` varchar(200) NOT NULL DEFAULT '',
  `productUrl` varchar(200) NOT NULL DEFAULT '',
  `productStoreUrl` varchar(200) NOT NULL,
  `productPrice` varchar(50) NOT NULL DEFAULT '0',
  `productTimeStamp` timestamp NOT NULL DEFAULT CURRENT_TIMESTAMP ON UPDATE CURRENT_TIMESTAMP,
  PRIMARY KEY (`productId`)
) ENGINE=InnoDB  DEFAULT CHARSET=utf8 AUTO_INCREMENT=18 ;

--
-- Dumping data for table `tblProduct`
--

INSERT INTO `tblProduct` (`productId`, `productName`, `productText`, `productImage`, `productUrl`, `productStoreUrl`, `productPrice`, `productTimeStamp`) VALUES
(1, 'Balance 0.0', '', 'balance00.png', 'http://www.bedgear.com/shop/balance-0-0-stomach-sleeper-pillow.html', 'http://www.bedgear.com/shop/balance-0-0-stomach-sleeper-pillow.html', '112', '2015-07-03 15:00:39'),
(3, 'Balance 1.0', '', 'balance10.png', 'http://www.bedgear.com/shop/balance-1-0.html', 'http://www.bedgear.com/shop/balance-1-0.html', '112', '2015-07-03 15:00:39'),
(4, 'Twilight', '', 'twilight.png', 'http://www.bedgear.com/shop/twilight-0-0-performance-pillow-pad.html', 'http://www.bedgear.com/shop/twilight-0-0-performance-pillow-pad.html', '162', '2015-07-03 15:01:17'),
(5, 'Dawn', '', 'dawn.png', 'http://www.bedgear.com/shop/dawn-1-0-performance-pillow.html', 'http://www.bedgear.com/shop/dawn-1-0-performance-pillow.html', '162', '2015-07-03 15:01:17'),
(6, 'Balance 2.0', '', 'balance20.png', 'http://www.bedgear.com/shop/balance-2-0.html', 'http://www.bedgear.com/shop/balance-2-0.html', '112', '2015-07-03 15:00:39'),
(7, 'Balance 3.0', '', 'balance30.png', 'http://www.bedgear.com/shop/balance-3-0-side-sleeper-pillow.html', 'http://www.bedgear.com/shop/balance-3-0-side-sleeper-pillow.html', '112', '2015-07-03 15:00:39'),
(8, 'Freestyle 0.0', '', 'Freestyle00.png', 'http://www.bedgear.com/shop/freestyle-0-0-performance-pillow.html', 'http://www.bedgear.com/shop/freestyle-0-0-performance-pillow.html', '112', '2015-07-03 15:00:39'),
(9, 'Freestyle 1.0', '', 'Freestyle10.png', 'http://www.bedgear.com/shop/freestyle-1-0-performance-pillow.html', 'http://www.bedgear.com/shop/freestyle-1-0-performance-pillow.html', '112', '2015-07-03 15:00:39'),
(10, 'Freestyle 2.0', '', 'Freestyle20.png', 'http://www.bedgear.com/shop/freestyle-2-0-performance-pillow.html', 'http://www.bedgear.com/shop/freestyle-2-0-performance-pillow.html', '112', '2015-07-03 15:00:39'),
(11, 'Freestyle 3.0', '', 'Freestyle30.png', 'http://www.bedgear.com/shop/freestyle-3-0-side-sleeper-pillow.html', 'http://www.bedgear.com/shop/freestyle-3-0-side-sleeper-pillow.html', '112', '2015-07-03 15:00:39'),
(12, 'Dusk', '', 'dusk.png', 'http://www.bedgear.com/shop/dusk-2-0-performance-pillow.html', 'http://www.bedgear.com/shop/dusk-2-0-performance-pillow.html', '162', '2015-07-03 15:01:56'),
(13, 'Night', '', 'night.png', 'http://www.bedgear.com/shop/night-3-0-performance-pillow.html', 'http://www.bedgear.com/shop/night-3-0-performance-pillow.html', '162', '2015-07-03 15:01:56'),
(14, 'Mist', '', 'mist.png', 'http://www.bedgear.com/shop/mist-0-0-performance-pillow-pad-stomach-sleepers.html', 'http://www.bedgear.com/shop/mist-0-0-performance-pillow-pad-stomach-sleepers.html', '179.99', '2015-07-03 15:02:27'),
(15, 'Thunder', '', 'thunder.png', 'http://www.bedgear.com/shop/thunder-ver-tex-stomach-sleeper-cooling-pillow.html', 'http://www.bedgear.com/shop/thunder-ver-tex-stomach-sleeper-cooling-pillow.html', '179.99', '2015-07-03 15:02:27'),
(16, 'Lightning', '', 'lightning.png', 'http://www.bedgear.com/shop/lightning-2-0-performance-pillow.html', 'http://www.bedgear.com/shop/lightning-2-0-performance-pillow.html', '179.99', '2015-07-03 15:02:27'),
(17, 'Rain', '', 'rain.png', 'http://www.bedgear.com/shop/rain-ver-tex-side-sleeper-cooling-pillow.html', 'http://www.bedgear.com/shop/rain-ver-tex-side-sleeper-cooling-pillow.html', '179.99', '2015-07-03 15:02:27');

-- --------------------------------------------------------

--
-- Table structure for table `tblProfile`
--

DROP TABLE IF EXISTS `tblProfile`;
CREATE TABLE IF NOT EXISTS `tblProfile` (
  `profileId` int(11) NOT NULL AUTO_INCREMENT,
  `surveyUUID` varchar(50) DEFAULT NULL,
  `profileEmail` varchar(200) DEFAULT NULL,
  `profileTimeStamp` timestamp NOT NULL DEFAULT CURRENT_TIMESTAMP ON UPDATE CURRENT_TIMESTAMP,
  PRIMARY KEY (`profileId`)
) ENGINE=InnoDB  DEFAULT CHARSET=utf8 AUTO_INCREMENT=9 ;

--
-- Dumping data for table `tblProfile`
--

INSERT INTO `tblProfile` (`profileId`, `surveyUUID`, `profileEmail`, `profileTimeStamp`) VALUES
(1, 'b5f2ae03-22b6-4a97-a5fb-4bc509cf53a2', 'fdfsd', '2015-02-23 22:41:15'),
(2, 'b5f2ae03-22b6-4a97-a5fb-4bc509cf53a2', 'matt@mwilber.com', '2015-02-23 22:44:27'),
(3, 'b5f2ae03-22b6-4a97-a5fb-4bc509cf53a2', 'matt@mwilber.com', '2015-02-23 22:45:09'),
(4, 'b5f2ae03-22b6-4a97-a5fb-4bc509cf53a2', 'matt@mwilber.com', '2015-02-23 22:45:14'),
(5, '94362699-e21b-4fe2-917f-c331806fc2d3', 'matt+2@mwilber.com', '2015-02-23 22:49:04'),
(6, 'c8c979f0-84bc-4fc0-bb39-4824b0c2329f', 'mr3', '2015-02-23 22:59:19'),
(7, '335699a6-bc98-4725-afbd-ac2eb61f1170', 'mr4', '2015-02-23 23:02:39'),
(8, '1da50f1f-da70-41a6-9229-f22623528bc8', 'ttam999@yahoo.com', '2015-05-09 20:10:35');

-- --------------------------------------------------------

--
-- Table structure for table `tblQuestion`
--

DROP TABLE IF EXISTS `tblQuestion`;
CREATE TABLE IF NOT EXISTS `tblQuestion` (
  `questionId` int(11) NOT NULL AUTO_INCREMENT,
  `questionNumber` int(11) DEFAULT NULL,
  `questionText` varchar(255) DEFAULT NULL,
  `questionHelp` longtext NOT NULL,
  `answerId` int(11) NOT NULL DEFAULT '0' COMMENT 'Link sub question with answer',
  `questionTimeStamp` timestamp NOT NULL DEFAULT CURRENT_TIMESTAMP ON UPDATE CURRENT_TIMESTAMP,
  PRIMARY KEY (`questionId`)
) ENGINE=InnoDB  DEFAULT CHARSET=utf8 AUTO_INCREMENT=21 ;

--
-- Dumping data for table `tblQuestion`
--

INSERT INTO `tblQuestion` (`questionId`, `questionNumber`, `questionText`, `questionHelp`, `answerId`, `questionTimeStamp`) VALUES
(1, 1, 'Are you', '', 0, '2015-03-26 21:22:33'),
(2, 3, '<span>What is your</span>sleep position', '', 0, '2015-04-23 14:53:07'),
(3, 2, '<span>What is your</span> Body Type', '', 0, '2015-06-11 18:01:53'),
(4, 4, '<span>What kind of</span> mattress do you<br/>sleep on?', '', 0, '2015-06-12 14:10:43'),
(5, 5, '<span>Body</span> Temperature', '', 0, '2015-03-26 15:46:36'),
(8, 4, 'What kind of hybrid mattress?', '', 12, '2015-02-03 15:02:40'),
(9, 3, '<span>In which</span> position <span>do you</span> fall asleep?', '', 6, '2015-05-29 19:34:45'),
(10, 3, '<span>In which</span> position <span>do you</span> wake up?', '', 33, '2015-05-29 19:38:02'),
(11, 4, 'Adjustible Foundation?', '', 29, '2015-02-04 15:29:16'),
(12, 4, 'Adjustible Foundation?', '', 11, '2015-02-04 15:31:42'),
(13, 4, 'Adjustible Foundation?', '', 16, '2015-02-04 15:32:28'),
(14, 4, 'Adjustible Foundation?', '', 13, '2015-02-04 15:33:33'),
(15, 4, 'Adjustible Foundation?', '', 14, '2015-02-04 15:34:23'),
(16, 4, 'Adjustible Foundation?', '', 15, '2015-02-04 15:35:08'),
(17, 4, 'Adjustible Foundation?', '', 30, '2015-02-04 15:36:01'),
(18, 4, 'Adjustible Foundation?', '', 31, '2015-02-04 15:36:44'),
(19, 6, '<span>Any additional</span> Sleep Concerns <span>or</span> Special Cases', '', 0, '2015-03-26 20:41:39'),
(20, 7, '<span>Do you sleep with or use</span> any additional<br/>Pillows', '', 0, '2015-06-12 14:12:13');

-- --------------------------------------------------------

--
-- Table structure for table `tblResultproduct`
--

DROP TABLE IF EXISTS `tblResultproduct`;
CREATE TABLE IF NOT EXISTS `tblResultproduct` (
  `resultproductId` int(11) NOT NULL AUTO_INCREMENT,
  `resultproductNumber` int(11) DEFAULT NULL,
  `resultproductBitint` int(11) DEFAULT NULL,
  `productId` int(11) DEFAULT NULL,
  `resultproductTimeStamp` timestamp NOT NULL DEFAULT CURRENT_TIMESTAMP ON UPDATE CURRENT_TIMESTAMP,
  PRIMARY KEY (`resultproductId`)
) ENGINE=InnoDB  DEFAULT CHARSET=utf8 AUTO_INCREMENT=694 ;

--
-- Dumping data for table `tblResultproduct`
--

INSERT INTO `tblResultproduct` (`resultproductId`, `resultproductNumber`, `resultproductBitint`, `productId`, `resultproductTimeStamp`) VALUES
(1, 1, 1092, 1, '2015-01-29 20:49:08'),
(2, 2, 1092, 4, '2015-01-29 20:49:37'),
(3, 3, 1092, 3, '2015-01-29 20:49:50'),
(4, 1, 1156, 1, '2015-01-29 20:50:21'),
(5, 2, 1156, 4, '2015-01-29 20:50:39'),
(6, 3, 1156, 3, '2015-01-29 20:50:53'),
(7, 1, 1284, 3, '2015-01-29 20:52:46'),
(8, 2, 1284, 5, '2015-01-29 20:52:57'),
(9, 3, 1284, 4, '2015-01-29 20:53:12'),
(13, 1, 1093, 4, '2015-01-30 15:29:04'),
(14, 2, 1093, 1, '2015-01-30 15:29:04'),
(15, 3, 1093, 3, '2015-01-30 15:29:04'),
(16, 1, 1157, 4, '2015-01-30 15:36:37'),
(17, 2, 1157, 1, '2015-01-30 15:36:37'),
(18, 3, 1157, 3, '2015-01-30 15:36:37'),
(19, 1, 1285, 5, '2015-01-30 15:37:25'),
(20, 2, 1285, 3, '2015-01-30 15:37:25'),
(21, 3, 1285, 4, '2015-01-30 15:37:25'),
(22, 1, 1540, 3, '2015-01-30 15:38:15'),
(23, 2, 1540, 5, '2015-01-30 15:38:15'),
(24, 3, 1540, 4, '2015-01-30 15:38:15'),
(25, 1, 1541, 5, '2015-01-30 15:38:34'),
(26, 2, 1541, 3, '2015-01-30 15:38:34'),
(27, 3, 1541, 4, '2015-01-30 15:38:34'),
(28, 1, 2116, 1, '2015-01-30 15:41:51'),
(29, 2, 2116, 4, '2015-01-30 15:41:51'),
(30, 3, 2116, 3, '2015-01-30 15:41:51'),
(31, 1, 2117, 4, '2015-01-30 15:42:44'),
(32, 2, 2117, 1, '2015-01-30 15:42:44'),
(33, 3, 2117, 3, '2015-01-30 15:42:44'),
(34, 1, 2180, 1, '2015-01-30 15:47:30'),
(35, 1, 2181, 4, '2015-01-30 15:47:30'),
(36, 2, 2180, 4, '2015-01-30 15:47:30'),
(37, 2, 2181, 1, '2015-01-30 15:47:30'),
(38, 3, 2180, 3, '2015-01-30 15:47:30'),
(39, 3, 2181, 3, '2015-01-30 15:47:30'),
(40, 1, 2308, 3, '2015-01-30 15:48:30'),
(41, 1, 2309, 5, '2015-01-30 15:48:30'),
(42, 2, 2308, 5, '2015-01-30 15:48:30'),
(43, 2, 2309, 3, '2015-01-30 15:48:30'),
(44, 3, 2308, 4, '2015-01-30 15:48:30'),
(45, 3, 2309, 4, '2015-01-30 15:48:30'),
(46, 1, 2564, 3, '2015-01-30 15:49:31'),
(47, 1, 2565, 5, '2015-01-30 15:49:31'),
(48, 2, 2564, 5, '2015-01-30 15:49:31'),
(49, 2, 2565, 3, '2015-01-30 15:49:31'),
(50, 3, 2564, 4, '2015-01-30 15:49:31'),
(51, 3, 2565, 4, '2015-01-30 15:49:31'),
(52, 1, 4164, 1, '2015-01-30 16:18:38'),
(53, 1, 4165, 4, '2015-01-30 16:18:38'),
(54, 2, 4164, 4, '2015-01-30 16:18:38'),
(55, 2, 4165, 1, '2015-01-30 16:18:38'),
(56, 3, 4164, 3, '2015-01-30 16:18:38'),
(57, 3, 4165, 3, '2015-01-30 16:18:38'),
(76, 1, 4228, 1, '2015-01-30 16:29:37'),
(77, 1, 4229, 4, '2015-01-30 16:29:38'),
(78, 2, 4228, 4, '2015-01-30 16:29:38'),
(79, 2, 4229, 1, '2015-01-30 16:29:38'),
(80, 3, 4228, 3, '2015-01-30 16:29:38'),
(81, 3, 4229, 3, '2015-01-30 16:29:38'),
(82, 1, 4356, 3, '2015-01-30 16:29:56'),
(83, 1, 4357, 5, '2015-01-30 16:29:56'),
(84, 2, 4356, 5, '2015-01-30 16:29:56'),
(85, 2, 4357, 3, '2015-01-30 16:29:56'),
(86, 3, 4356, 4, '2015-01-30 16:29:56'),
(87, 3, 4357, 4, '2015-01-30 16:29:56'),
(88, 1, 4612, 3, '2015-01-30 16:30:27'),
(89, 1, 4613, 5, '2015-01-30 16:30:27'),
(90, 2, 4612, 5, '2015-01-30 16:30:27'),
(91, 2, 4613, 3, '2015-01-30 16:30:27'),
(92, 3, 4612, 4, '2015-01-30 16:30:27'),
(93, 3, 4613, 4, '2015-01-30 16:30:27'),
(94, 1, 8260, 8, '2015-01-30 17:41:03'),
(95, 1, 8261, 14, '2015-01-30 17:41:03'),
(96, 2, 8260, 14, '2015-01-30 17:41:03'),
(97, 2, 8261, 8, '2015-01-30 17:41:03'),
(98, 3, 8260, 9, '2015-01-30 17:41:03'),
(99, 3, 8261, 9, '2015-01-30 17:41:03'),
(100, 1, 8324, 8, '2015-01-30 17:41:45'),
(101, 1, 8325, 14, '2015-01-30 17:41:45'),
(102, 2, 8324, 14, '2015-01-30 17:41:45'),
(103, 2, 8325, 8, '2015-01-30 17:41:45'),
(104, 3, 8324, 15, '2015-01-30 17:41:45'),
(105, 3, 8325, 15, '2015-01-30 17:41:45'),
(106, 1, 8452, 9, '2015-01-30 17:42:29'),
(107, 1, 8453, 15, '2015-01-30 17:42:29'),
(108, 2, 8452, 15, '2015-01-30 17:42:29'),
(109, 2, 8453, 9, '2015-01-30 17:42:29'),
(110, 3, 8452, 14, '2015-01-30 17:42:29'),
(111, 3, 8453, 14, '2015-01-30 17:42:30'),
(112, 1, 8708, 9, '2015-01-30 17:43:18'),
(113, 1, 8709, 15, '2015-01-30 17:43:18'),
(114, 2, 8708, 15, '2015-01-30 17:43:18'),
(115, 2, 8709, 9, '2015-01-30 17:43:18'),
(116, 3, 8708, 14, '2015-01-30 17:43:19'),
(117, 3, 8709, 14, '2015-01-30 17:43:19'),
(118, 1, 16452, 1, '2015-01-30 17:43:58'),
(119, 1, 16453, 4, '2015-01-30 17:43:58'),
(120, 2, 16452, 4, '2015-01-30 17:43:58'),
(121, 2, 16453, 1, '2015-01-30 17:43:58'),
(122, 3, 16452, 3, '2015-01-30 17:43:58'),
(123, 3, 16453, 3, '2015-01-30 17:43:58'),
(124, 1, 16516, 1, '2015-01-30 17:44:48'),
(125, 1, 16517, 4, '2015-01-30 17:44:48'),
(126, 2, 16516, 4, '2015-01-30 17:44:48'),
(127, 2, 16517, 1, '2015-01-30 17:44:48'),
(128, 3, 16516, 3, '2015-01-30 17:44:48'),
(129, 3, 16517, 3, '2015-01-30 17:44:48'),
(130, 1, 16644, 3, '2015-01-30 17:45:28'),
(131, 1, 16645, 5, '2015-01-30 17:45:28'),
(132, 2, 16644, 5, '2015-01-30 17:45:28'),
(133, 2, 16645, 3, '2015-01-30 17:45:28'),
(134, 3, 16644, 4, '2015-01-30 17:45:28'),
(135, 3, 16645, 4, '2015-01-30 17:45:28'),
(136, 1, 16900, 3, '2015-01-30 17:46:03'),
(137, 1, 16901, 5, '2015-01-30 17:46:03'),
(138, 2, 16900, 5, '2015-01-30 17:46:03'),
(139, 2, 16901, 3, '2015-01-30 17:46:03'),
(140, 3, 16900, 4, '2015-01-30 17:46:03'),
(141, 3, 16901, 4, '2015-01-30 17:46:03'),
(142, 1, 32836, 1, '2015-01-30 18:14:53'),
(143, 1, 32837, 4, '2015-01-30 18:14:53'),
(144, 2, 32836, 4, '2015-01-30 18:14:53'),
(145, 2, 32837, 1, '2015-01-30 18:14:53'),
(146, 3, 32836, 3, '2015-01-30 18:14:53'),
(147, 3, 32837, 3, '2015-01-30 18:14:53'),
(148, 1, 32900, 1, '2015-01-30 18:15:18'),
(149, 1, 32901, 4, '2015-01-30 18:15:18'),
(150, 2, 32900, 4, '2015-01-30 18:15:18'),
(151, 2, 32901, 1, '2015-01-30 18:15:18'),
(152, 3, 32900, 3, '2015-01-30 18:15:18'),
(153, 3, 32901, 3, '2015-01-30 18:15:18'),
(154, 1, 33028, 3, '2015-01-30 18:15:59'),
(155, 1, 33029, 5, '2015-01-30 18:15:59'),
(156, 2, 33028, 5, '2015-01-30 18:15:59'),
(157, 2, 33029, 3, '2015-01-30 18:15:59'),
(158, 3, 33028, 4, '2015-01-30 18:15:59'),
(159, 3, 33029, 4, '2015-01-30 18:15:59'),
(160, 1, 33284, 3, '2015-01-30 18:16:20'),
(161, 1, 33285, 5, '2015-01-30 18:16:20'),
(162, 2, 33284, 5, '2015-01-30 18:16:21'),
(163, 2, 33285, 3, '2015-01-30 18:16:21'),
(164, 3, 33284, 4, '2015-01-30 18:16:21'),
(165, 3, 33285, 4, '2015-01-30 18:16:21'),
(166, 1, 65604, 1, '2015-01-30 18:16:50'),
(167, 1, 65605, 4, '2015-01-30 18:16:50'),
(168, 2, 65604, 4, '2015-01-30 18:16:50'),
(169, 2, 65605, 1, '2015-01-30 18:16:50'),
(170, 3, 65604, 3, '2015-01-30 18:16:50'),
(171, 3, 65605, 3, '2015-01-30 18:16:50'),
(172, 1, 65668, 1, '2015-01-30 18:17:13'),
(173, 1, 65669, 4, '2015-01-30 18:17:13'),
(174, 2, 65668, 4, '2015-01-30 18:17:13'),
(175, 2, 65669, 1, '2015-01-30 18:17:13'),
(176, 3, 65668, 3, '2015-01-30 18:17:13'),
(177, 3, 65669, 3, '2015-01-30 18:17:13'),
(178, 1, 65796, 3, '2015-01-30 18:17:40'),
(179, 1, 65797, 5, '2015-01-30 18:17:41'),
(180, 2, 65796, 5, '2015-01-30 18:17:41'),
(181, 2, 65797, 3, '2015-01-30 18:17:41'),
(182, 3, 65796, 4, '2015-01-30 18:17:41'),
(183, 3, 65797, 4, '2015-01-30 18:17:41'),
(184, 1, 66052, 3, '2015-01-30 18:18:03'),
(185, 1, 66053, 5, '2015-01-30 18:18:03'),
(186, 2, 66052, 5, '2015-01-30 18:18:03'),
(187, 2, 66053, 3, '2015-01-30 18:18:03'),
(188, 3, 66052, 4, '2015-01-30 18:18:03'),
(189, 3, 66053, 4, '2015-01-30 18:18:03'),
(190, 1, 1096, 1, '2015-02-02 21:49:38'),
(191, 1, 1097, 4, '2015-02-02 21:49:38'),
(192, 2, 1096, 4, '2015-02-02 21:49:38'),
(193, 2, 1097, 1, '2015-02-02 21:49:38'),
(194, 3, 1096, 5, '2015-02-02 21:49:38'),
(195, 3, 1097, 5, '2015-02-02 21:49:38'),
(196, 1, 1160, 3, '2015-02-02 21:50:01'),
(197, 1, 1161, 5, '2015-02-02 21:50:01'),
(198, 2, 1160, 5, '2015-02-02 21:50:01'),
(199, 2, 1161, 3, '2015-02-02 21:50:02'),
(200, 3, 1160, 4, '2015-02-02 21:50:02'),
(201, 3, 1161, 4, '2015-02-02 21:50:02'),
(202, 1, 1288, 6, '2015-02-02 21:51:20'),
(203, 1, 1289, 12, '2015-02-02 21:51:21'),
(204, 2, 1288, 12, '2015-02-02 21:51:21'),
(205, 2, 1289, 6, '2015-02-02 21:51:21'),
(206, 3, 1288, 3, '2015-02-02 21:51:21'),
(207, 3, 1289, 3, '2015-02-02 21:51:21'),
(208, 1, 1544, 6, '2015-02-02 21:51:53'),
(209, 1, 1545, 12, '2015-02-02 21:51:53'),
(210, 2, 1544, 12, '2015-02-02 21:51:54'),
(211, 2, 1545, 6, '2015-02-02 21:51:54'),
(212, 3, 1544, 3, '2015-02-02 21:51:54'),
(213, 3, 1545, 3, '2015-02-02 21:51:54'),
(214, 1, 2120, 1, '2015-02-02 21:52:10'),
(215, 1, 2121, 4, '2015-02-02 21:52:10'),
(216, 2, 2120, 4, '2015-02-02 21:52:11'),
(217, 2, 2121, 1, '2015-02-02 21:52:11'),
(218, 3, 2120, 5, '2015-02-02 21:52:11'),
(219, 3, 2121, 5, '2015-02-02 21:52:11'),
(220, 1, 2184, 3, '2015-02-02 21:52:32'),
(221, 1, 2185, 5, '2015-02-02 21:52:32'),
(222, 2, 2184, 5, '2015-02-02 21:52:32'),
(223, 2, 2185, 3, '2015-02-02 21:52:32'),
(224, 3, 2184, 4, '2015-02-02 21:52:32'),
(225, 3, 2185, 4, '2015-02-02 21:52:32'),
(226, 1, 2312, 6, '2015-02-02 21:52:56'),
(227, 1, 2313, 12, '2015-02-02 21:52:56'),
(228, 2, 2312, 12, '2015-02-02 21:52:56'),
(229, 2, 2313, 6, '2015-02-02 21:52:56'),
(230, 3, 2312, 3, '2015-02-02 21:52:57'),
(231, 3, 2313, 3, '2015-02-02 21:52:57'),
(232, 1, 2568, 6, '2015-02-02 21:53:18'),
(233, 1, 2569, 12, '2015-02-02 21:53:18'),
(234, 2, 2568, 12, '2015-02-02 21:53:18'),
(235, 2, 2569, 6, '2015-02-02 21:53:18'),
(236, 3, 2568, 3, '2015-02-02 21:53:18'),
(237, 3, 2569, 3, '2015-02-02 21:53:18'),
(238, 1, 4168, 1, '2015-02-02 21:53:42'),
(239, 1, 4169, 4, '2015-02-02 21:53:42'),
(240, 2, 4168, 4, '2015-02-02 21:53:42'),
(241, 2, 4169, 1, '2015-02-02 21:53:42'),
(242, 3, 4168, 5, '2015-02-02 21:53:42'),
(243, 3, 4169, 5, '2015-02-02 21:53:42'),
(244, 1, 4232, 3, '2015-02-02 21:54:00'),
(245, 1, 4233, 12, '2015-02-02 21:54:00'),
(246, 2, 4232, 12, '2015-02-02 21:54:00'),
(247, 2, 4233, 3, '2015-02-02 21:54:00'),
(248, 3, 4232, 4, '2015-02-02 21:54:00'),
(249, 3, 4233, 4, '2015-02-02 21:54:00'),
(250, 1, 4360, 6, '2015-02-02 21:54:22'),
(251, 1, 4361, 12, '2015-02-02 21:54:22'),
(252, 2, 4360, 12, '2015-02-02 21:54:22'),
(253, 2, 4361, 6, '2015-02-02 21:54:22'),
(254, 3, 4360, 3, '2015-02-02 21:54:22'),
(255, 3, 4361, 3, '2015-02-02 21:54:22'),
(256, 1, 4616, 6, '2015-02-02 21:54:41'),
(257, 1, 4617, 12, '2015-02-02 21:54:41'),
(258, 2, 4616, 12, '2015-02-02 21:54:41'),
(259, 2, 4617, 6, '2015-02-02 21:54:41'),
(260, 3, 4616, 3, '2015-02-02 21:54:41'),
(261, 3, 4617, 3, '2015-02-02 21:54:41'),
(262, 1, 8264, 8, '2015-02-02 21:55:08'),
(263, 1, 8265, 14, '2015-02-02 21:55:08'),
(264, 2, 8264, 14, '2015-02-02 21:55:08'),
(265, 2, 8265, 8, '2015-02-02 21:55:08'),
(266, 3, 8264, 9, '2015-02-02 21:55:08'),
(267, 3, 8265, 9, '2015-02-02 21:55:09'),
(268, 1, 8328, 9, '2015-02-02 21:55:32'),
(269, 1, 8329, 15, '2015-02-02 21:55:32'),
(270, 2, 8328, 15, '2015-02-02 21:55:32'),
(271, 2, 8329, 9, '2015-02-02 21:55:32'),
(272, 3, 8328, 14, '2015-02-02 21:55:32'),
(273, 3, 8329, 14, '2015-02-02 21:55:32'),
(274, 1, 8456, 10, '2015-02-02 21:56:36'),
(275, 1, 8457, 16, '2015-02-02 21:56:36'),
(276, 2, 8456, 16, '2015-02-02 21:56:36'),
(277, 2, 8457, 10, '2015-02-02 21:56:36'),
(278, 3, 8456, 9, '2015-02-02 21:56:36'),
(279, 3, 8457, 9, '2015-02-02 21:56:36'),
(280, 1, 8712, 10, '2015-02-02 21:57:02'),
(281, 1, 8713, 16, '2015-02-02 21:57:02'),
(282, 2, 8712, 16, '2015-02-02 21:57:02'),
(283, 2, 8713, 10, '2015-02-02 21:57:02'),
(284, 3, 8712, 15, '2015-02-02 21:57:02'),
(285, 3, 8713, 15, '2015-02-02 21:57:02'),
(286, 1, 16456, 1, '2015-02-02 21:57:26'),
(287, 1, 16457, 4, '2015-02-02 21:57:26'),
(288, 2, 16456, 4, '2015-02-02 21:57:26'),
(289, 2, 16457, 1, '2015-02-02 21:57:26'),
(290, 3, 16456, 5, '2015-02-02 21:57:26'),
(291, 3, 16457, 5, '2015-02-02 21:57:27'),
(292, 1, 16520, 3, '2015-02-02 21:57:49'),
(293, 1, 16521, 5, '2015-02-02 21:57:49'),
(294, 2, 16520, 5, '2015-02-02 21:57:49'),
(295, 2, 16521, 3, '2015-02-02 21:57:49'),
(296, 3, 16520, 4, '2015-02-02 21:57:49'),
(297, 3, 16521, 4, '2015-02-02 21:57:49'),
(298, 1, 16648, 6, '2015-02-02 21:58:15'),
(299, 1, 16649, 12, '2015-02-02 21:58:16'),
(300, 2, 16648, 12, '2015-02-02 21:58:16'),
(301, 2, 16649, 6, '2015-02-02 21:58:16'),
(302, 3, 16648, 3, '2015-02-02 21:58:16'),
(303, 3, 16649, 3, '2015-02-02 21:58:16'),
(304, 1, 16904, 6, '2015-02-02 21:58:39'),
(305, 1, 16905, 12, '2015-02-02 21:58:39'),
(306, 2, 16904, 12, '2015-02-02 21:58:39'),
(307, 2, 16905, 6, '2015-02-02 21:58:39'),
(308, 3, 16904, 3, '2015-02-02 21:58:39'),
(309, 3, 16905, 3, '2015-02-02 21:58:40'),
(310, 1, 32840, 1, '2015-02-02 21:59:01'),
(311, 1, 32841, 5, '2015-02-02 21:59:01'),
(312, 2, 32840, 5, '2015-02-02 21:59:01'),
(313, 2, 32841, 1, '2015-02-02 21:59:01'),
(314, 3, 32840, 4, '2015-02-02 21:59:01'),
(315, 3, 32841, 4, '2015-02-02 21:59:01'),
(316, 1, 32904, 3, '2015-02-02 21:59:43'),
(317, 1, 32905, 12, '2015-02-02 21:59:44'),
(318, 2, 32904, 12, '2015-02-02 21:59:44'),
(319, 2, 32905, 3, '2015-02-02 21:59:44'),
(320, 3, 32904, 4, '2015-02-02 21:59:44'),
(321, 3, 32905, 4, '2015-02-02 21:59:44'),
(322, 1, 33032, 6, '2015-02-02 22:00:02'),
(323, 1, 33033, 12, '2015-02-02 22:00:02'),
(324, 2, 33032, 12, '2015-02-02 22:00:02'),
(325, 2, 33033, 6, '2015-02-02 22:00:02'),
(326, 3, 33032, 3, '2015-02-02 22:00:02'),
(327, 3, 33033, 3, '2015-02-02 22:00:02'),
(328, 1, 33288, 6, '2015-02-02 22:00:36'),
(329, 1, 33289, 12, '2015-02-02 22:00:36'),
(330, 2, 33288, 12, '2015-02-02 22:00:36'),
(331, 2, 33289, 6, '2015-02-02 22:00:36'),
(332, 3, 33288, 3, '2015-02-02 22:00:36'),
(333, 3, 33289, 3, '2015-02-02 22:00:36'),
(334, 1, 65608, 1, '2015-02-02 22:01:06'),
(335, 1, 65609, 4, '2015-02-02 22:01:07'),
(336, 2, 65608, 4, '2015-02-02 22:01:07'),
(337, 2, 65609, 1, '2015-02-02 22:01:07'),
(338, 3, 65608, 5, '2015-02-02 22:01:07'),
(339, 3, 65609, 5, '2015-02-02 22:01:07'),
(340, 1, 65672, 3, '2015-02-02 22:01:25'),
(341, 1, 65673, 12, '2015-02-02 22:01:25'),
(342, 2, 65672, 12, '2015-02-02 22:01:25'),
(343, 2, 65673, 3, '2015-02-02 22:01:25'),
(344, 3, 65672, 4, '2015-02-02 22:01:25'),
(345, 3, 65673, 4, '2015-02-02 22:01:25'),
(346, 1, 65800, 6, '2015-02-02 22:01:54'),
(347, 1, 65801, 12, '2015-02-02 22:01:54'),
(348, 2, 65800, 12, '2015-02-02 22:01:54'),
(349, 2, 65801, 6, '2015-02-02 22:01:54'),
(350, 3, 65800, 3, '2015-02-02 22:01:54'),
(351, 3, 65801, 3, '2015-02-02 22:01:54'),
(352, 1, 66056, 6, '2015-02-02 22:02:18'),
(353, 1, 66057, 12, '2015-02-02 22:02:18'),
(354, 2, 66056, 12, '2015-02-02 22:02:18'),
(355, 2, 66057, 6, '2015-02-02 22:02:18'),
(356, 3, 66056, 3, '2015-02-02 22:02:18'),
(357, 3, 66057, 3, '2015-02-02 22:02:18'),
(358, 1, 1104, 1, '2015-02-02 22:02:53'),
(359, 1, 1105, 4, '2015-02-02 22:02:53'),
(360, 2, 1104, 4, '2015-02-02 22:02:53'),
(361, 2, 1105, 1, '2015-02-02 22:02:53'),
(362, 3, 1104, 5, '2015-02-02 22:02:53'),
(363, 3, 1105, 5, '2015-02-02 22:02:53'),
(364, 1, 1168, 3, '2015-02-02 22:03:14'),
(365, 1, 1169, 5, '2015-02-02 22:03:14'),
(366, 2, 1168, 5, '2015-02-02 22:03:14'),
(367, 2, 1169, 3, '2015-02-02 22:03:14'),
(368, 3, 1168, 12, '2015-02-02 22:03:15'),
(369, 3, 1169, 12, '2015-02-02 22:03:15'),
(370, 1, 1296, 6, '2015-02-02 22:03:48'),
(371, 1, 1297, 12, '2015-02-02 22:03:48'),
(372, 2, 1296, 12, '2015-02-02 22:03:48'),
(373, 2, 1297, 6, '2015-02-02 22:03:48'),
(374, 3, 1296, 3, '2015-02-02 22:03:49'),
(375, 3, 1297, 3, '2015-02-02 22:03:49'),
(376, 1, 1552, 7, '2015-02-02 22:04:15'),
(377, 1, 1553, 13, '2015-02-02 22:04:15'),
(378, 2, 1552, 13, '2015-02-02 22:04:15'),
(379, 2, 1553, 7, '2015-02-02 22:04:15'),
(380, 3, 1552, 6, '2015-02-02 22:04:15'),
(381, 3, 1553, 6, '2015-02-02 22:04:15'),
(382, 1, 2128, 1, '2015-02-02 22:04:58'),
(383, 1, 2129, 4, '2015-02-02 22:04:58'),
(384, 2, 2128, 4, '2015-02-02 22:04:58'),
(385, 2, 2129, 1, '2015-02-02 22:04:58'),
(386, 3, 2128, 5, '2015-02-02 22:04:58'),
(387, 3, 2129, 5, '2015-02-02 22:04:58'),
(388, 1, 2192, 3, '2015-02-02 22:05:17'),
(389, 1, 2193, 5, '2015-02-02 22:05:17'),
(390, 2, 2192, 5, '2015-02-02 22:05:17'),
(391, 2, 2193, 3, '2015-02-02 22:05:17'),
(392, 3, 2192, 12, '2015-02-02 22:05:17'),
(393, 3, 2193, 12, '2015-02-02 22:05:17'),
(394, 1, 2320, 6, '2015-02-02 22:05:37'),
(395, 1, 2321, 12, '2015-02-02 22:05:37'),
(396, 2, 2320, 12, '2015-02-02 22:05:37'),
(397, 2, 2321, 6, '2015-02-02 22:05:37'),
(398, 3, 2320, 3, '2015-02-02 22:05:37'),
(399, 3, 2321, 3, '2015-02-02 22:05:37'),
(400, 1, 2576, 7, '2015-02-02 22:05:59'),
(401, 1, 2577, 13, '2015-02-02 22:05:59'),
(402, 2, 2576, 13, '2015-02-02 22:05:59'),
(403, 2, 2577, 7, '2015-02-02 22:05:59'),
(404, 3, 2576, 6, '2015-02-02 22:05:59'),
(405, 3, 2577, 6, '2015-02-02 22:05:59'),
(406, 1, 4176, 1, '2015-02-02 22:06:22'),
(407, 1, 4177, 4, '2015-02-02 22:06:22'),
(408, 2, 4176, 4, '2015-02-02 22:06:22'),
(409, 2, 4177, 1, '2015-02-02 22:06:22'),
(410, 3, 4176, 5, '2015-02-02 22:06:22'),
(411, 3, 4177, 5, '2015-02-02 22:06:22'),
(412, 1, 4240, 3, '2015-02-02 22:06:48'),
(413, 1, 4241, 5, '2015-02-02 22:06:48'),
(414, 2, 4240, 5, '2015-02-02 22:06:48'),
(415, 2, 4241, 3, '2015-02-02 22:06:48'),
(416, 3, 4240, 12, '2015-02-02 22:06:48'),
(417, 3, 4241, 12, '2015-02-02 22:06:48'),
(418, 1, 4368, 6, '2015-02-02 22:07:10'),
(419, 1, 4369, 12, '2015-02-02 22:07:10'),
(420, 2, 4368, 12, '2015-02-02 22:07:10'),
(421, 2, 4369, 6, '2015-02-02 22:07:10'),
(422, 3, 4368, 3, '2015-02-02 22:07:10'),
(423, 3, 4369, 3, '2015-02-02 22:07:10'),
(424, 1, 4624, 7, '2015-02-02 22:07:34'),
(425, 1, 4625, 13, '2015-02-02 22:07:34'),
(426, 2, 4624, 13, '2015-02-02 22:07:34'),
(427, 2, 4625, 7, '2015-02-02 22:07:34'),
(428, 3, 4624, 6, '2015-02-02 22:07:34'),
(429, 3, 4625, 6, '2015-02-02 22:07:34'),
(430, 1, 8272, 8, '2015-02-02 22:08:03'),
(431, 1, 8273, 14, '2015-02-02 22:08:03'),
(432, 2, 8272, 14, '2015-02-02 22:08:03'),
(433, 2, 8273, 8, '2015-02-02 22:08:03'),
(434, 3, 8272, 9, '2015-02-02 22:08:03'),
(435, 3, 8273, 9, '2015-02-02 22:08:03'),
(436, 1, 8336, 9, '2015-02-02 22:08:24'),
(437, 1, 8337, 15, '2015-02-02 22:08:24'),
(438, 2, 8336, 15, '2015-02-02 22:08:24'),
(439, 2, 8337, 9, '2015-02-02 22:08:24'),
(440, 3, 8336, 14, '2015-02-02 22:08:24'),
(441, 3, 8337, 14, '2015-02-02 22:08:24'),
(442, 1, 8464, 10, '2015-02-02 22:08:50'),
(443, 1, 8465, 16, '2015-02-02 22:08:51'),
(444, 2, 8464, 16, '2015-02-02 22:08:51'),
(445, 2, 8465, 10, '2015-02-02 22:08:51'),
(446, 3, 8464, 11, '2015-02-02 22:08:51'),
(447, 3, 8465, 11, '2015-02-02 22:08:51'),
(448, 1, 8720, 11, '2015-02-02 22:09:16'),
(449, 1, 8721, 17, '2015-02-02 22:09:16'),
(450, 2, 8720, 17, '2015-02-02 22:09:16'),
(451, 2, 8721, 11, '2015-02-02 22:09:16'),
(452, 3, 8720, 16, '2015-02-02 22:09:16'),
(453, 3, 8721, 16, '2015-02-02 22:09:16'),
(454, 1, 16464, 1, '2015-02-02 22:09:42'),
(455, 1, 16465, 4, '2015-02-02 22:09:42'),
(456, 2, 16464, 4, '2015-02-02 22:09:42'),
(457, 2, 16465, 1, '2015-02-02 22:09:42'),
(458, 3, 16464, 5, '2015-02-02 22:09:42'),
(459, 3, 16465, 5, '2015-02-02 22:09:42'),
(460, 1, 16528, 3, '2015-02-02 22:10:03'),
(461, 1, 16529, 5, '2015-02-02 22:10:03'),
(462, 2, 16528, 5, '2015-02-02 22:10:03'),
(463, 2, 16529, 3, '2015-02-02 22:10:03'),
(464, 3, 16528, 12, '2015-02-02 22:10:03'),
(465, 3, 16529, 12, '2015-02-02 22:10:03'),
(466, 1, 16656, 6, '2015-02-02 22:10:28'),
(467, 1, 16657, 12, '2015-02-02 22:10:28'),
(468, 2, 16656, 12, '2015-02-02 22:10:29'),
(469, 2, 16657, 6, '2015-02-02 22:10:29'),
(470, 3, 16656, 3, '2015-02-02 22:10:29'),
(471, 3, 16657, 3, '2015-02-02 22:10:29'),
(472, 1, 16912, 7, '2015-02-02 22:10:48'),
(473, 1, 16913, 13, '2015-02-02 22:10:48'),
(474, 2, 16912, 13, '2015-02-02 22:10:48'),
(475, 2, 16913, 7, '2015-02-02 22:10:49'),
(476, 3, 16912, 6, '2015-02-02 22:10:49'),
(477, 3, 16913, 6, '2015-02-02 22:10:49'),
(478, 1, 32848, 1, '2015-02-02 22:21:26'),
(479, 1, 32849, 4, '2015-02-02 22:21:26'),
(480, 2, 32848, 4, '2015-02-02 22:21:26'),
(481, 2, 32849, 1, '2015-02-02 22:21:26'),
(482, 3, 32848, 5, '2015-02-02 22:21:26'),
(483, 3, 32849, 5, '2015-02-02 22:21:26'),
(484, 1, 32912, 3, '2015-02-02 22:21:52'),
(485, 1, 32913, 5, '2015-02-02 22:21:52'),
(486, 2, 32912, 5, '2015-02-02 22:21:52'),
(487, 2, 32913, 3, '2015-02-02 22:21:52'),
(488, 3, 32912, 12, '2015-02-02 22:21:52'),
(489, 3, 32913, 12, '2015-02-02 22:21:52'),
(490, 1, 33040, 6, '2015-02-02 22:22:20'),
(491, 1, 33041, 12, '2015-02-02 22:22:20'),
(492, 2, 33040, 12, '2015-02-02 22:22:20'),
(493, 2, 33041, 6, '2015-02-02 22:22:20'),
(494, 3, 33040, 3, '2015-02-02 22:22:20'),
(495, 3, 33041, 3, '2015-02-02 22:22:20'),
(496, 1, 33296, 7, '2015-02-02 22:22:59'),
(497, 1, 33297, 13, '2015-02-02 22:22:59'),
(498, 2, 33296, 13, '2015-02-02 22:22:59'),
(499, 2, 33297, 7, '2015-02-02 22:22:59'),
(500, 3, 33296, 6, '2015-02-02 22:22:59'),
(501, 3, 33297, 6, '2015-02-02 22:22:59'),
(502, 1, 65616, 1, '2015-02-02 22:23:18'),
(503, 1, 65617, 4, '2015-02-02 22:23:18'),
(504, 2, 65616, 4, '2015-02-02 22:23:18'),
(505, 2, 65617, 1, '2015-02-02 22:23:18'),
(506, 3, 65616, 5, '2015-02-02 22:23:18'),
(507, 3, 65617, 5, '2015-02-02 22:23:18'),
(508, 1, 65680, 3, '2015-02-02 22:23:49'),
(509, 1, 65681, 5, '2015-02-02 22:23:49'),
(510, 2, 65680, 5, '2015-02-02 22:23:49'),
(511, 2, 65681, 3, '2015-02-02 22:23:49'),
(512, 3, 65680, 12, '2015-02-02 22:23:49'),
(513, 3, 65681, 12, '2015-02-02 22:23:49'),
(514, 1, 65808, 6, '2015-02-02 22:24:14'),
(515, 1, 65809, 12, '2015-02-02 22:24:15'),
(516, 2, 65808, 12, '2015-02-02 22:24:15'),
(517, 2, 65809, 6, '2015-02-02 22:24:15'),
(518, 3, 65808, 3, '2015-02-02 22:24:15'),
(519, 3, 65809, 3, '2015-02-02 22:24:15'),
(520, 1, 66064, 7, '2015-02-02 22:24:41'),
(521, 1, 66065, 13, '2015-02-02 22:24:41'),
(522, 2, 66064, 13, '2015-02-02 22:24:41'),
(523, 2, 66065, 7, '2015-02-02 22:24:41'),
(524, 3, 66064, 6, '2015-02-02 22:24:41'),
(525, 3, 66065, 6, '2015-02-02 22:24:41'),
(526, 1, 1120, 1, '2015-02-04 15:06:04'),
(527, 1, 1121, 4, '2015-02-04 15:06:04'),
(528, 2, 1120, 4, '2015-02-04 15:06:04'),
(529, 2, 1121, 1, '2015-02-04 15:06:04'),
(530, 3, 1120, 5, '2015-02-04 15:06:04'),
(531, 3, 1121, 5, '2015-02-04 15:06:04'),
(532, 1, 1184, 3, '2015-02-04 15:06:28'),
(533, 1, 1185, 5, '2015-02-04 15:06:28'),
(534, 2, 1184, 5, '2015-02-04 15:06:28'),
(535, 2, 1185, 3, '2015-02-04 15:06:28'),
(536, 3, 1184, 12, '2015-02-04 15:06:28'),
(537, 3, 1185, 12, '2015-02-04 15:06:28'),
(538, 1, 1312, 6, '2015-02-04 15:06:48'),
(539, 1, 1313, 12, '2015-02-04 15:06:48'),
(540, 2, 1312, 12, '2015-02-04 15:06:49'),
(541, 2, 1313, 6, '2015-02-04 15:06:49'),
(542, 3, 1312, 3, '2015-02-04 15:06:49'),
(543, 3, 1313, 3, '2015-02-04 15:06:49'),
(544, 1, 1568, 7, '2015-02-04 15:07:12'),
(545, 1, 1569, 13, '2015-02-04 15:07:12'),
(546, 2, 1568, 13, '2015-02-04 15:07:12'),
(547, 2, 1569, 7, '2015-02-04 15:07:12'),
(548, 3, 1568, 6, '2015-02-04 15:07:12'),
(549, 3, 1569, 6, '2015-02-04 15:07:12'),
(550, 1, 2144, 1, '2015-02-04 15:07:53'),
(551, 1, 2145, 4, '2015-02-04 15:07:53'),
(552, 2, 2144, 4, '2015-02-04 15:07:53'),
(553, 2, 2145, 1, '2015-02-04 15:07:53'),
(554, 3, 2144, 5, '2015-02-04 15:07:53'),
(555, 3, 2145, 5, '2015-02-04 15:07:53'),
(556, 1, 2208, 3, '2015-02-04 15:08:15'),
(557, 1, 2209, 5, '2015-02-04 15:08:15'),
(558, 2, 2208, 5, '2015-02-04 15:08:15'),
(559, 2, 2209, 3, '2015-02-04 15:08:15'),
(560, 3, 2208, 12, '2015-02-04 15:08:16'),
(561, 3, 2209, 12, '2015-02-04 15:08:16'),
(562, 1, 2336, 6, '2015-02-04 15:08:37'),
(563, 1, 2337, 12, '2015-02-04 15:08:37'),
(564, 2, 2336, 12, '2015-02-04 15:08:37'),
(565, 2, 2337, 6, '2015-02-04 15:08:37'),
(566, 3, 2336, 3, '2015-02-04 15:08:37'),
(567, 3, 2337, 3, '2015-02-04 15:08:37'),
(568, 1, 2592, 7, '2015-02-04 15:09:06'),
(569, 1, 2593, 13, '2015-02-04 15:09:06'),
(570, 2, 2592, 13, '2015-02-04 15:09:06'),
(571, 2, 2593, 7, '2015-02-04 15:09:07'),
(572, 3, 2592, 6, '2015-02-04 15:09:07'),
(573, 3, 2593, 6, '2015-02-04 15:09:07'),
(574, 1, 4192, 1, '2015-02-04 15:09:27'),
(575, 1, 4193, 4, '2015-02-04 15:09:27'),
(576, 2, 4192, 4, '2015-02-04 15:09:27'),
(577, 2, 4193, 1, '2015-02-04 15:09:27'),
(578, 3, 4192, 5, '2015-02-04 15:09:27'),
(579, 3, 4193, 5, '2015-02-04 15:09:27'),
(580, 1, 4256, 3, '2015-02-04 15:09:47'),
(581, 1, 4257, 5, '2015-02-04 15:09:47'),
(582, 2, 4256, 5, '2015-02-04 15:09:47'),
(583, 2, 4257, 3, '2015-02-04 15:09:47'),
(584, 3, 4256, 12, '2015-02-04 15:09:47'),
(585, 3, 4257, 12, '2015-02-04 15:09:47'),
(586, 1, 4384, 6, '2015-02-04 15:10:10'),
(587, 1, 4385, 12, '2015-02-04 15:10:10'),
(588, 2, 4384, 12, '2015-02-04 15:10:10'),
(589, 2, 4385, 6, '2015-02-04 15:10:10'),
(590, 3, 4384, 3, '2015-02-04 15:10:10'),
(591, 3, 4385, 3, '2015-02-04 15:10:10'),
(592, 1, 4640, 7, '2015-02-04 15:10:37'),
(593, 1, 4641, 13, '2015-02-04 15:10:37'),
(594, 2, 4640, 13, '2015-02-04 15:10:37'),
(595, 2, 4641, 7, '2015-02-04 15:10:37'),
(596, 3, 4640, 6, '2015-02-04 15:10:37'),
(597, 3, 4641, 6, '2015-02-04 15:10:37'),
(598, 1, 8288, 8, '2015-02-04 15:11:02'),
(599, 1, 8289, 14, '2015-02-04 15:11:02'),
(600, 2, 8288, 14, '2015-02-04 15:11:02'),
(601, 2, 8289, 8, '2015-02-04 15:11:02'),
(602, 3, 8288, 9, '2015-02-04 15:11:02'),
(603, 3, 8289, 9, '2015-02-04 15:11:02'),
(604, 1, 8352, 9, '2015-02-04 15:11:28'),
(605, 1, 8353, 15, '2015-02-04 15:11:28'),
(606, 2, 8352, 15, '2015-02-04 15:11:28'),
(607, 2, 8353, 9, '2015-02-04 15:11:28'),
(608, 3, 8352, 14, '2015-02-04 15:11:28'),
(609, 3, 8353, 14, '2015-02-04 15:11:28'),
(610, 1, 8480, 10, '2015-02-04 15:11:54'),
(611, 1, 8481, 16, '2015-02-04 15:11:54'),
(612, 2, 8480, 16, '2015-02-04 15:11:54'),
(613, 2, 8481, 10, '2015-02-04 15:11:54'),
(614, 3, 8480, 11, '2015-02-04 15:11:54'),
(615, 3, 8481, 11, '2015-02-04 15:11:54'),
(616, 1, 8736, 11, '2015-02-04 15:12:17'),
(617, 1, 8737, 17, '2015-02-04 15:12:17'),
(618, 2, 8736, 17, '2015-02-04 15:12:17'),
(619, 2, 8737, 11, '2015-02-04 15:12:17'),
(620, 3, 8736, 16, '2015-02-04 15:12:17'),
(621, 3, 8737, 16, '2015-02-04 15:12:17'),
(622, 1, 16480, 1, '2015-02-04 15:12:58'),
(623, 1, 16481, 4, '2015-02-04 15:12:58'),
(624, 2, 16480, 4, '2015-02-04 15:12:58'),
(625, 2, 16481, 1, '2015-02-04 15:12:58'),
(626, 3, 16480, 5, '2015-02-04 15:12:58'),
(627, 3, 16481, 5, '2015-02-04 15:12:58'),
(628, 1, 16544, 3, '2015-02-04 15:13:22'),
(629, 1, 16545, 5, '2015-02-04 15:13:22'),
(630, 2, 16544, 5, '2015-02-04 15:13:22'),
(631, 2, 16545, 3, '2015-02-04 15:13:22'),
(632, 3, 16544, 12, '2015-02-04 15:13:22'),
(633, 3, 16545, 12, '2015-02-04 15:13:22'),
(634, 1, 16672, 6, '2015-02-04 15:13:55'),
(635, 1, 16673, 12, '2015-02-04 15:13:55'),
(636, 2, 16672, 12, '2015-02-04 15:13:55'),
(637, 2, 16673, 6, '2015-02-04 15:13:55'),
(638, 3, 16672, 3, '2015-02-04 15:13:55'),
(639, 3, 16673, 3, '2015-02-04 15:13:55'),
(640, 1, 16928, 7, '2015-02-04 15:14:22'),
(641, 1, 16929, 13, '2015-02-04 15:14:23'),
(642, 2, 16928, 13, '2015-02-04 15:14:23'),
(643, 2, 16929, 7, '2015-02-04 15:14:23'),
(644, 3, 16928, 6, '2015-02-04 15:14:23'),
(645, 3, 16929, 6, '2015-02-04 15:14:23'),
(646, 1, 32864, 1, '2015-02-04 15:15:19'),
(647, 1, 32865, 4, '2015-02-04 15:15:19'),
(648, 2, 32864, 4, '2015-02-04 15:15:19'),
(649, 2, 32865, 1, '2015-02-04 15:15:19'),
(650, 3, 32864, 5, '2015-02-04 15:15:20'),
(651, 3, 32865, 5, '2015-02-04 15:15:20'),
(652, 1, 32928, 3, '2015-02-04 15:15:50'),
(653, 1, 32929, 5, '2015-02-04 15:15:50'),
(654, 2, 32928, 5, '2015-02-04 15:15:50'),
(655, 2, 32929, 3, '2015-02-04 15:15:51'),
(656, 3, 32928, 12, '2015-02-04 15:15:51'),
(657, 3, 32929, 12, '2015-02-04 15:15:51'),
(658, 1, 33056, 6, '2015-02-04 15:16:31'),
(659, 1, 33057, 12, '2015-02-04 15:16:32'),
(660, 2, 33056, 12, '2015-02-04 15:16:32'),
(661, 2, 33057, 6, '2015-02-04 15:16:32'),
(662, 3, 33056, 3, '2015-02-04 15:16:32'),
(663, 3, 33057, 3, '2015-02-04 15:16:32'),
(664, 1, 33312, 7, '2015-02-04 15:17:08'),
(665, 1, 33313, 13, '2015-02-04 15:17:08'),
(666, 2, 33312, 13, '2015-02-04 15:17:08'),
(667, 2, 33313, 7, '2015-02-04 15:17:08'),
(668, 3, 33312, 6, '2015-02-04 15:17:08'),
(669, 3, 33313, 6, '2015-02-04 15:17:08'),
(670, 1, 65632, 1, '2015-02-04 15:17:29'),
(671, 1, 65633, 4, '2015-02-04 15:17:29'),
(672, 2, 65632, 4, '2015-02-04 15:17:29'),
(673, 2, 65633, 1, '2015-02-04 15:17:29'),
(674, 3, 65632, 5, '2015-02-04 15:17:29'),
(675, 3, 65633, 5, '2015-02-04 15:17:29'),
(676, 1, 65696, 3, '2015-02-04 15:18:01'),
(677, 1, 65697, 5, '2015-02-04 15:18:01'),
(678, 2, 65696, 5, '2015-02-04 15:18:01'),
(679, 2, 65697, 3, '2015-02-04 15:18:01'),
(680, 3, 65696, 12, '2015-02-04 15:18:01'),
(681, 3, 65697, 12, '2015-02-04 15:18:01'),
(682, 1, 65824, 6, '2015-02-04 15:18:28'),
(683, 1, 65825, 12, '2015-02-04 15:18:28'),
(684, 2, 65824, 12, '2015-02-04 15:18:28'),
(685, 2, 65825, 6, '2015-02-04 15:18:29'),
(686, 3, 65824, 3, '2015-02-04 15:18:29'),
(687, 3, 65825, 3, '2015-02-04 15:18:29'),
(688, 1, 66080, 7, '2015-02-04 15:18:53'),
(689, 1, 66081, 13, '2015-02-04 15:18:53'),
(690, 2, 66080, 13, '2015-02-04 15:18:53'),
(691, 2, 66081, 7, '2015-02-04 15:18:53'),
(692, 3, 66080, 6, '2015-02-04 15:18:53'),
(693, 3, 66081, 6, '2015-02-04 15:18:53');

-- --------------------------------------------------------

--
-- Table structure for table `tblSurvey`
--

DROP TABLE IF EXISTS `tblSurvey`;
CREATE TABLE IF NOT EXISTS `tblSurvey` (
  `surveyId` int(11) NOT NULL AUTO_INCREMENT,
  `surveyUUID` varchar(50) DEFAULT NULL,
  `answerId` int(11) DEFAULT NULL,
  `surveyDetail` varchar(200) NOT NULL DEFAULT '',
  `surveyTimeStamp` timestamp NOT NULL DEFAULT CURRENT_TIMESTAMP ON UPDATE CURRENT_TIMESTAMP,
  PRIMARY KEY (`surveyId`)
) ENGINE=InnoDB  DEFAULT CHARSET=utf8 AUTO_INCREMENT=772 ;

--
-- Dumping data for table `tblSurvey`
--

INSERT INTO `tblSurvey` (`surveyId`, `surveyUUID`, `answerId`, `surveyDetail`, `surveyTimeStamp`) VALUES
(1, 'c710e480-05dd-41dd-9933-9f15835db862', 0, '', '2015-02-06 16:35:33'),
(2, 'c710e480-05dd-41dd-9933-9f15835db862', 0, '', '2015-02-06 16:35:33'),
(3, 'c710e480-05dd-41dd-9933-9f15835db862', 18, '', '2015-02-06 16:35:33'),
(4, 'c710e480-05dd-41dd-9933-9f15835db862', 50, '', '2015-02-06 16:35:33'),
(5, 'c710e480-05dd-41dd-9933-9f15835db862', 30, '', '2015-02-06 16:35:33'),
(6, 'c710e480-05dd-41dd-9933-9f15835db862', 12, '', '2015-02-06 16:35:33'),
(7, 'c710e480-05dd-41dd-9933-9f15835db862', 32, '', '2015-02-06 16:35:33'),
(8, 'c710e480-05dd-41dd-9933-9f15835db862', 6, '', '2015-02-06 16:35:34'),
(9, 'c710e480-05dd-41dd-9933-9f15835db862', 9, '', '2015-02-06 16:35:34'),
(10, 'c710e480-05dd-41dd-9933-9f15835db862', 1, '', '2015-02-06 16:35:34'),
(11, '64d24eb4-b91a-47f4-bfa2-24e03fa1b039', 28, '', '2015-02-06 16:38:37'),
(12, '64d24eb4-b91a-47f4-bfa2-24e03fa1b039', 20, '', '2015-02-06 16:38:37'),
(13, '64d24eb4-b91a-47f4-bfa2-24e03fa1b039', 23, '', '2015-02-06 16:38:37'),
(14, '64d24eb4-b91a-47f4-bfa2-24e03fa1b039', 25, '', '2015-02-06 16:38:37'),
(15, '64d24eb4-b91a-47f4-bfa2-24e03fa1b039', 26, '', '2015-02-06 16:38:37'),
(16, '64d24eb4-b91a-47f4-bfa2-24e03fa1b039', 18, '', '2015-02-06 16:38:37'),
(17, '64d24eb4-b91a-47f4-bfa2-24e03fa1b039', 50, '', '2015-02-06 16:38:37'),
(18, '64d24eb4-b91a-47f4-bfa2-24e03fa1b039', 30, '', '2015-02-06 16:38:37'),
(19, '64d24eb4-b91a-47f4-bfa2-24e03fa1b039', 12, '', '2015-02-06 16:38:37'),
(20, '64d24eb4-b91a-47f4-bfa2-24e03fa1b039', 32, '', '2015-02-06 16:38:37'),
(21, '64d24eb4-b91a-47f4-bfa2-24e03fa1b039', 6, '', '2015-02-06 16:38:37'),
(22, '64d24eb4-b91a-47f4-bfa2-24e03fa1b039', 9, '', '2015-02-06 16:38:37'),
(23, '64d24eb4-b91a-47f4-bfa2-24e03fa1b039', 1, '', '2015-02-06 16:38:37'),
(24, 'e6136c87-8080-4a29-8f39-d90523445066', 17, '', '2015-02-13 21:25:40'),
(25, 'e6136c87-8080-4a29-8f39-d90523445066', 40, '', '2015-02-13 21:25:40'),
(26, 'e6136c87-8080-4a29-8f39-d90523445066', 11, '', '2015-02-13 21:25:40'),
(27, 'e6136c87-8080-4a29-8f39-d90523445066', 3, '', '2015-02-13 21:25:40'),
(28, 'e6136c87-8080-4a29-8f39-d90523445066', 10, '', '2015-02-13 21:25:40'),
(29, 'e6136c87-8080-4a29-8f39-d90523445066', 2, '', '2015-02-13 21:25:40'),
(30, 'f977f7b4-cc77-4541-bc43-eb6f2e9e2726', 21, '', '2015-02-16 16:32:35'),
(31, 'f977f7b4-cc77-4541-bc43-eb6f2e9e2726', 28, '', '2015-02-16 16:32:35'),
(32, 'f977f7b4-cc77-4541-bc43-eb6f2e9e2726', 20, '', '2015-02-16 16:32:35'),
(33, 'f977f7b4-cc77-4541-bc43-eb6f2e9e2726', 23, '', '2015-02-16 16:32:35'),
(34, 'f977f7b4-cc77-4541-bc43-eb6f2e9e2726', 25, '', '2015-02-16 16:32:35'),
(35, 'f977f7b4-cc77-4541-bc43-eb6f2e9e2726', 17, '', '2015-02-16 16:32:35'),
(36, 'f977f7b4-cc77-4541-bc43-eb6f2e9e2726', 40, '', '2015-02-16 16:32:35'),
(37, 'f977f7b4-cc77-4541-bc43-eb6f2e9e2726', 11, '', '2015-02-16 16:32:35'),
(38, 'f977f7b4-cc77-4541-bc43-eb6f2e9e2726', 3, '', '2015-02-16 16:32:36'),
(39, 'f977f7b4-cc77-4541-bc43-eb6f2e9e2726', 7, '', '2015-02-16 16:32:36'),
(40, 'f977f7b4-cc77-4541-bc43-eb6f2e9e2726', 1, '', '2015-02-16 16:32:36'),
(41, 'b3e3565d-3378-45bb-bd82-0ca6967f6c8e', 21, '', '2015-02-16 16:48:38'),
(42, 'b3e3565d-3378-45bb-bd82-0ca6967f6c8e', 27, '', '2015-02-16 16:48:38'),
(43, 'b3e3565d-3378-45bb-bd82-0ca6967f6c8e', 28, '', '2015-02-16 16:48:38'),
(44, 'b3e3565d-3378-45bb-bd82-0ca6967f6c8e', 0, '', '2015-02-16 16:48:39'),
(45, 'b3e3565d-3378-45bb-bd82-0ca6967f6c8e', 17, '', '2015-02-16 16:48:39'),
(46, 'b3e3565d-3378-45bb-bd82-0ca6967f6c8e', 40, '', '2015-02-16 16:48:39'),
(47, 'b3e3565d-3378-45bb-bd82-0ca6967f6c8e', 11, '', '2015-02-16 16:48:39'),
(48, 'b3e3565d-3378-45bb-bd82-0ca6967f6c8e', 3, '', '2015-02-16 16:48:39'),
(49, 'b3e3565d-3378-45bb-bd82-0ca6967f6c8e', 7, '', '2015-02-16 16:48:39'),
(50, 'b3e3565d-3378-45bb-bd82-0ca6967f6c8e', 1, '', '2015-02-16 16:48:39'),
(51, 'fcb00c58-5ee1-4336-9045-db2bbcf82934', 0, '', '2015-02-16 16:51:16'),
(52, 'fcb00c58-5ee1-4336-9045-db2bbcf82934', 0, '', '2015-02-16 16:51:17'),
(53, 'fcb00c58-5ee1-4336-9045-db2bbcf82934', 17, '', '2015-02-16 16:51:17'),
(54, 'fcb00c58-5ee1-4336-9045-db2bbcf82934', 40, '', '2015-02-16 16:51:17'),
(55, 'fcb00c58-5ee1-4336-9045-db2bbcf82934', 11, '', '2015-02-16 16:51:17'),
(56, 'fcb00c58-5ee1-4336-9045-db2bbcf82934', 3, '', '2015-02-16 16:51:17'),
(57, 'fcb00c58-5ee1-4336-9045-db2bbcf82934', 7, '', '2015-02-16 16:51:17'),
(58, 'fcb00c58-5ee1-4336-9045-db2bbcf82934', 1, '', '2015-02-16 16:51:17'),
(59, '845f995b-ad3c-49e0-bcd1-1d34a2d3dae3', 21, '', '2015-02-16 16:51:54'),
(60, '845f995b-ad3c-49e0-bcd1-1d34a2d3dae3', 27, '', '2015-02-16 16:51:55'),
(61, '845f995b-ad3c-49e0-bcd1-1d34a2d3dae3', 28, '', '2015-02-16 16:51:55'),
(62, '845f995b-ad3c-49e0-bcd1-1d34a2d3dae3', 0, '', '2015-02-16 16:51:55'),
(63, '845f995b-ad3c-49e0-bcd1-1d34a2d3dae3', 17, '', '2015-02-16 16:51:55'),
(64, '845f995b-ad3c-49e0-bcd1-1d34a2d3dae3', 40, '', '2015-02-16 16:51:55'),
(65, '845f995b-ad3c-49e0-bcd1-1d34a2d3dae3', 11, '', '2015-02-16 16:51:55'),
(66, '845f995b-ad3c-49e0-bcd1-1d34a2d3dae3', 3, '', '2015-02-16 16:51:55'),
(67, '845f995b-ad3c-49e0-bcd1-1d34a2d3dae3', 7, '', '2015-02-16 16:51:55'),
(68, '845f995b-ad3c-49e0-bcd1-1d34a2d3dae3', 1, '', '2015-02-16 16:51:55'),
(69, '223bc7d0-06e2-4849-97c9-7c32e3b65933', 27, '', '2015-02-19 15:49:44'),
(70, '223bc7d0-06e2-4849-97c9-7c32e3b65933', 28, '', '2015-02-19 15:49:44'),
(71, '223bc7d0-06e2-4849-97c9-7c32e3b65933', 0, '', '2015-02-19 15:49:44'),
(72, '223bc7d0-06e2-4849-97c9-7c32e3b65933', 18, '', '2015-02-19 15:49:44'),
(73, '223bc7d0-06e2-4849-97c9-7c32e3b65933', 46, '', '2015-02-19 15:49:44'),
(74, '223bc7d0-06e2-4849-97c9-7c32e3b65933', 14, '', '2015-02-19 15:49:44'),
(75, '223bc7d0-06e2-4849-97c9-7c32e3b65933', 4, '', '2015-02-19 15:49:45'),
(76, '223bc7d0-06e2-4849-97c9-7c32e3b65933', 7, '', '2015-02-19 15:49:45'),
(77, '223bc7d0-06e2-4849-97c9-7c32e3b65933', 1, '', '2015-02-19 15:49:45'),
(78, '4b42d6fa-97a3-4156-8e35-56d1f2f19e4d', 0, '', '2015-02-20 20:09:38'),
(79, '4b42d6fa-97a3-4156-8e35-56d1f2f19e4d', 0, '', '2015-02-20 20:09:38'),
(80, '4b42d6fa-97a3-4156-8e35-56d1f2f19e4d', 17, '', '2015-02-20 20:09:38'),
(81, '4b42d6fa-97a3-4156-8e35-56d1f2f19e4d', 40, '', '2015-02-20 20:09:38'),
(82, '4b42d6fa-97a3-4156-8e35-56d1f2f19e4d', 11, '', '2015-02-20 20:09:39'),
(83, '4b42d6fa-97a3-4156-8e35-56d1f2f19e4d', 3, '', '2015-02-20 20:09:39'),
(84, '4b42d6fa-97a3-4156-8e35-56d1f2f19e4d', 7, '', '2015-02-20 20:09:39'),
(85, '4b42d6fa-97a3-4156-8e35-56d1f2f19e4d', 1, '', '2015-02-20 20:09:39'),
(86, '8d0d397e-23f9-4643-976c-798f5c941569', 0, '', '2015-02-20 20:09:52'),
(87, '8d0d397e-23f9-4643-976c-798f5c941569', 0, '', '2015-02-20 20:09:52'),
(88, '8d0d397e-23f9-4643-976c-798f5c941569', 17, '', '2015-02-20 20:09:52'),
(89, '8d0d397e-23f9-4643-976c-798f5c941569', 37, '', '2015-02-20 20:09:52'),
(90, '8d0d397e-23f9-4643-976c-798f5c941569', 3, '', '2015-02-20 20:09:52'),
(91, '8d0d397e-23f9-4643-976c-798f5c941569', 7, '', '2015-02-20 20:09:52'),
(92, '8d0d397e-23f9-4643-976c-798f5c941569', 1, '', '2015-02-20 20:09:52'),
(93, '0111ef02-d5d1-4828-aa34-831862fc4588', 0, '', '2015-02-23 16:14:34'),
(94, '0111ef02-d5d1-4828-aa34-831862fc4588', 0, '', '2015-02-23 16:14:34'),
(95, '0111ef02-d5d1-4828-aa34-831862fc4588', 18, '', '2015-02-23 16:14:34'),
(96, '0111ef02-d5d1-4828-aa34-831862fc4588', 40, '', '2015-02-23 16:14:34'),
(97, '0111ef02-d5d1-4828-aa34-831862fc4588', 11, '', '2015-02-23 16:14:34'),
(98, '0111ef02-d5d1-4828-aa34-831862fc4588', 3, '', '2015-02-23 16:14:34'),
(99, '0111ef02-d5d1-4828-aa34-831862fc4588', 7, '', '2015-02-23 16:14:35'),
(100, '0111ef02-d5d1-4828-aa34-831862fc4588', 1, '', '2015-02-23 16:14:35'),
(101, '9c3a13a1-1da5-4015-a15e-a60681688ead', 0, '', '2015-02-23 16:15:13'),
(102, '9c3a13a1-1da5-4015-a15e-a60681688ead', 0, '', '2015-02-23 16:15:13'),
(103, '9c3a13a1-1da5-4015-a15e-a60681688ead', 17, '', '2015-02-23 16:15:13'),
(104, '9c3a13a1-1da5-4015-a15e-a60681688ead', 40, '', '2015-02-23 16:15:13'),
(105, '9c3a13a1-1da5-4015-a15e-a60681688ead', 11, '', '2015-02-23 16:15:13'),
(106, '9c3a13a1-1da5-4015-a15e-a60681688ead', 3, '', '2015-02-23 16:15:13'),
(107, '9c3a13a1-1da5-4015-a15e-a60681688ead', 7, '', '2015-02-23 16:15:13'),
(108, '9c3a13a1-1da5-4015-a15e-a60681688ead', 1, '', '2015-02-23 16:15:13'),
(109, '47da6345-8ca4-457a-bacf-ee27b46a8128', 0, '', '2015-02-23 16:15:50'),
(110, '47da6345-8ca4-457a-bacf-ee27b46a8128', 0, '', '2015-02-23 16:15:50'),
(111, '47da6345-8ca4-457a-bacf-ee27b46a8128', 17, '', '2015-02-23 16:15:50'),
(112, '47da6345-8ca4-457a-bacf-ee27b46a8128', 40, '', '2015-02-23 16:15:50'),
(113, '47da6345-8ca4-457a-bacf-ee27b46a8128', 11, '', '2015-02-23 16:15:50'),
(114, '47da6345-8ca4-457a-bacf-ee27b46a8128', 3, '', '2015-02-23 16:15:50'),
(115, '47da6345-8ca4-457a-bacf-ee27b46a8128', 7, '', '2015-02-23 16:15:50'),
(116, '47da6345-8ca4-457a-bacf-ee27b46a8128', 1, '', '2015-02-23 16:15:50'),
(117, 'f35be32e-2da5-4e04-8856-cff73129f68d', 0, '', '2015-02-23 16:20:07'),
(118, 'f35be32e-2da5-4e04-8856-cff73129f68d', 0, '', '2015-02-23 16:20:07'),
(119, 'f35be32e-2da5-4e04-8856-cff73129f68d', 17, '', '2015-02-23 16:20:07'),
(120, 'f35be32e-2da5-4e04-8856-cff73129f68d', 40, '', '2015-02-23 16:20:07'),
(121, 'f35be32e-2da5-4e04-8856-cff73129f68d', 11, '', '2015-02-23 16:20:07'),
(122, 'f35be32e-2da5-4e04-8856-cff73129f68d', 3, '', '2015-02-23 16:20:07'),
(123, 'f35be32e-2da5-4e04-8856-cff73129f68d', 7, '', '2015-02-23 16:20:07'),
(124, 'f35be32e-2da5-4e04-8856-cff73129f68d', 1, '', '2015-02-23 16:20:07'),
(125, 'c317ff20-7ad9-413f-bd27-bb2de15b1409', 0, '', '2015-02-23 19:46:15'),
(126, 'c317ff20-7ad9-413f-bd27-bb2de15b1409', 0, '', '2015-02-23 19:46:15'),
(127, 'c317ff20-7ad9-413f-bd27-bb2de15b1409', 0, '', '2015-02-23 19:46:15'),
(128, 'c317ff20-7ad9-413f-bd27-bb2de15b1409', 0, '', '2015-02-23 19:46:15'),
(129, 'c317ff20-7ad9-413f-bd27-bb2de15b1409', 0, '', '2015-02-23 19:46:15'),
(130, 'c317ff20-7ad9-413f-bd27-bb2de15b1409', 0, '', '2015-02-23 19:46:16'),
(131, 'c317ff20-7ad9-413f-bd27-bb2de15b1409', 0, '', '2015-02-23 19:46:16'),
(132, 'c317ff20-7ad9-413f-bd27-bb2de15b1409', 0, '', '2015-02-23 19:46:16'),
(133, '38dd6b97-c16f-46cc-b400-ac46938eaaba', 0, '', '2015-02-23 20:12:05'),
(134, '38dd6b97-c16f-46cc-b400-ac46938eaaba', 0, '', '2015-02-23 20:12:05'),
(135, '38dd6b97-c16f-46cc-b400-ac46938eaaba', 17, '60', '2015-02-23 20:12:05'),
(136, '38dd6b97-c16f-46cc-b400-ac46938eaaba', 40, '', '2015-02-23 20:12:05'),
(137, '38dd6b97-c16f-46cc-b400-ac46938eaaba', 11, '', '2015-02-23 20:12:05'),
(138, '38dd6b97-c16f-46cc-b400-ac46938eaaba', 3, '', '2015-02-23 20:12:05'),
(139, '38dd6b97-c16f-46cc-b400-ac46938eaaba', 7, '', '2015-02-23 20:12:05'),
(140, '38dd6b97-c16f-46cc-b400-ac46938eaaba', 2, '', '2015-02-23 20:12:05'),
(141, '6cf91901-13d1-421f-928b-0a62654419ce', 0, '', '2015-02-23 20:13:02'),
(142, '6cf91901-13d1-421f-928b-0a62654419ce', 0, '', '2015-02-23 20:13:02'),
(143, '6cf91901-13d1-421f-928b-0a62654419ce', 17, '60', '2015-02-23 20:13:02'),
(144, '6cf91901-13d1-421f-928b-0a62654419ce', 40, '', '2015-02-23 20:13:02'),
(145, '6cf91901-13d1-421f-928b-0a62654419ce', 11, '', '2015-02-23 20:13:02'),
(146, '6cf91901-13d1-421f-928b-0a62654419ce', 3, '', '2015-02-23 20:13:03'),
(147, '6cf91901-13d1-421f-928b-0a62654419ce', 7, '', '2015-02-23 20:13:03'),
(148, '6cf91901-13d1-421f-928b-0a62654419ce', 2, '', '2015-02-23 20:13:03'),
(149, '4c77dc07-76c7-468a-9395-443d0b2fc326', 17, '60', '2015-02-23 20:14:28'),
(150, '4c77dc07-76c7-468a-9395-443d0b2fc326', 40, '', '2015-02-23 20:14:28'),
(151, '4c77dc07-76c7-468a-9395-443d0b2fc326', 11, '', '2015-02-23 20:14:28'),
(152, '4c77dc07-76c7-468a-9395-443d0b2fc326', 3, '', '2015-02-23 20:14:28'),
(153, '4c77dc07-76c7-468a-9395-443d0b2fc326', 7, '', '2015-02-23 20:14:28'),
(154, '4c77dc07-76c7-468a-9395-443d0b2fc326', 2, '', '2015-02-23 20:14:28'),
(155, 'cfb40af0-7a75-4ad6-b858-b93f220ffbdb', 17, '60', '2015-02-23 22:14:01'),
(156, 'cfb40af0-7a75-4ad6-b858-b93f220ffbdb', 40, '', '2015-02-23 22:14:01'),
(157, 'cfb40af0-7a75-4ad6-b858-b93f220ffbdb', 11, '', '2015-02-23 22:14:01'),
(158, 'cfb40af0-7a75-4ad6-b858-b93f220ffbdb', 3, '', '2015-02-23 22:14:01'),
(159, 'cfb40af0-7a75-4ad6-b858-b93f220ffbdb', 7, '', '2015-02-23 22:14:01'),
(160, 'cfb40af0-7a75-4ad6-b858-b93f220ffbdb', 2, '', '2015-02-23 22:14:01'),
(161, '0d101172-4ad4-41f7-8bae-e96cedbfd1e7', 17, '60', '2015-02-23 22:14:16'),
(162, '0d101172-4ad4-41f7-8bae-e96cedbfd1e7', 40, '', '2015-02-23 22:14:17'),
(163, '0d101172-4ad4-41f7-8bae-e96cedbfd1e7', 11, '', '2015-02-23 22:14:17'),
(164, '0d101172-4ad4-41f7-8bae-e96cedbfd1e7', 3, '', '2015-02-23 22:14:17'),
(165, '0d101172-4ad4-41f7-8bae-e96cedbfd1e7', 7, '', '2015-02-23 22:14:17'),
(166, '0d101172-4ad4-41f7-8bae-e96cedbfd1e7', 2, '', '2015-02-23 22:14:17'),
(167, '23e5e958-1003-4569-a3f6-ee5078730591', 17, '60', '2015-02-23 22:23:45'),
(168, '23e5e958-1003-4569-a3f6-ee5078730591', 40, '', '2015-02-23 22:23:45'),
(169, '23e5e958-1003-4569-a3f6-ee5078730591', 11, '', '2015-02-23 22:23:45'),
(170, '23e5e958-1003-4569-a3f6-ee5078730591', 3, '', '2015-02-23 22:23:45'),
(171, '23e5e958-1003-4569-a3f6-ee5078730591', 7, '', '2015-02-23 22:23:45'),
(172, '23e5e958-1003-4569-a3f6-ee5078730591', 1, '', '2015-02-23 22:23:45'),
(173, 'b26db912-89e0-46f6-ba59-c8fabecf441a', 17, '60', '2015-02-23 22:32:36'),
(174, 'b26db912-89e0-46f6-ba59-c8fabecf441a', 40, '', '2015-02-23 22:32:36'),
(175, 'b26db912-89e0-46f6-ba59-c8fabecf441a', 11, '', '2015-02-23 22:32:36'),
(176, 'b26db912-89e0-46f6-ba59-c8fabecf441a', 3, '', '2015-02-23 22:32:36'),
(177, 'b26db912-89e0-46f6-ba59-c8fabecf441a', 7, '', '2015-02-23 22:32:36'),
(178, 'b26db912-89e0-46f6-ba59-c8fabecf441a', 1, '', '2015-02-23 22:32:36'),
(179, '50100240-2afb-464a-9bd2-0c365668cae7', 17, '60', '2015-02-23 22:40:29'),
(180, '50100240-2afb-464a-9bd2-0c365668cae7', 40, '', '2015-02-23 22:40:29'),
(181, '50100240-2afb-464a-9bd2-0c365668cae7', 11, '', '2015-02-23 22:40:30'),
(182, '50100240-2afb-464a-9bd2-0c365668cae7', 3, '', '2015-02-23 22:40:30'),
(183, '50100240-2afb-464a-9bd2-0c365668cae7', 7, '', '2015-02-23 22:40:30'),
(184, '50100240-2afb-464a-9bd2-0c365668cae7', 1, '', '2015-02-23 22:40:30'),
(185, 'b5f2ae03-22b6-4a97-a5fb-4bc509cf53a2', 17, '60', '2015-02-23 22:41:11'),
(186, 'b5f2ae03-22b6-4a97-a5fb-4bc509cf53a2', 40, '', '2015-02-23 22:41:11'),
(187, 'b5f2ae03-22b6-4a97-a5fb-4bc509cf53a2', 11, '', '2015-02-23 22:41:12'),
(188, 'b5f2ae03-22b6-4a97-a5fb-4bc509cf53a2', 3, '', '2015-02-23 22:41:12'),
(189, 'b5f2ae03-22b6-4a97-a5fb-4bc509cf53a2', 7, '', '2015-02-23 22:41:12'),
(190, 'b5f2ae03-22b6-4a97-a5fb-4bc509cf53a2', 1, '', '2015-02-23 22:41:12'),
(191, '94362699-e21b-4fe2-917f-c331806fc2d3', 18, '33', '2015-02-23 22:48:46'),
(192, '94362699-e21b-4fe2-917f-c331806fc2d3', 40, '', '2015-02-23 22:48:46'),
(193, '94362699-e21b-4fe2-917f-c331806fc2d3', 11, '', '2015-02-23 22:48:46'),
(194, '94362699-e21b-4fe2-917f-c331806fc2d3', 3, '', '2015-02-23 22:48:46'),
(195, '94362699-e21b-4fe2-917f-c331806fc2d3', 7, '', '2015-02-23 22:48:46'),
(196, '94362699-e21b-4fe2-917f-c331806fc2d3', 1, '', '2015-02-23 22:48:46'),
(197, 'c8c979f0-84bc-4fc0-bb39-4824b0c2329f', 17, '77', '2015-02-23 22:59:12'),
(198, 'c8c979f0-84bc-4fc0-bb39-4824b0c2329f', 41, '', '2015-02-23 22:59:12'),
(199, 'c8c979f0-84bc-4fc0-bb39-4824b0c2329f', 11, '', '2015-02-23 22:59:12'),
(200, 'c8c979f0-84bc-4fc0-bb39-4824b0c2329f', 3, '', '2015-02-23 22:59:12'),
(201, 'c8c979f0-84bc-4fc0-bb39-4824b0c2329f', 7, '', '2015-02-23 22:59:12'),
(202, 'c8c979f0-84bc-4fc0-bb39-4824b0c2329f', 1, '', '2015-02-23 22:59:12'),
(203, '335699a6-bc98-4725-afbd-ac2eb61f1170', 17, '80', '2015-02-23 23:02:33'),
(204, '335699a6-bc98-4725-afbd-ac2eb61f1170', 40, '', '2015-02-23 23:02:33'),
(205, '335699a6-bc98-4725-afbd-ac2eb61f1170', 11, '', '2015-02-23 23:02:34'),
(206, '335699a6-bc98-4725-afbd-ac2eb61f1170', 3, '', '2015-02-23 23:02:34'),
(207, '335699a6-bc98-4725-afbd-ac2eb61f1170', 7, '', '2015-02-23 23:02:34'),
(208, '335699a6-bc98-4725-afbd-ac2eb61f1170', 1, '', '2015-02-23 23:02:34'),
(209, 'ef9bec2e-00d9-4a91-909d-062e2590c26c', 17, '60', '2015-03-11 19:45:14'),
(210, 'ef9bec2e-00d9-4a91-909d-062e2590c26c', 40, '', '2015-03-11 19:45:14'),
(211, 'ef9bec2e-00d9-4a91-909d-062e2590c26c', 11, '', '2015-03-11 19:45:14'),
(212, 'ef9bec2e-00d9-4a91-909d-062e2590c26c', 3, '', '2015-03-11 19:45:14'),
(213, 'ef9bec2e-00d9-4a91-909d-062e2590c26c', 7, '', '2015-03-11 19:45:14'),
(214, 'ef9bec2e-00d9-4a91-909d-062e2590c26c', 1, '', '2015-03-11 19:45:14'),
(215, '53b330bf-4be0-466f-b22a-552c6f7a242e', 17, '60', '2015-03-25 20:51:36'),
(216, 'ab938684-c0ff-41da-af30-af0b12b1982d', 20, '', '2015-03-26 21:47:29'),
(217, 'ab938684-c0ff-41da-af30-af0b12b1982d', 23, '', '2015-03-26 21:47:29'),
(218, 'ab938684-c0ff-41da-af30-af0b12b1982d', 17, '93', '2015-03-26 21:47:29'),
(219, '4249f9b2-b68b-4842-b0a2-6ca12211452b', 17, '80', '2015-03-26 21:47:54'),
(220, '4249f9b2-b68b-4842-b0a2-6ca12211452b', 40, '', '2015-03-26 21:47:54'),
(221, '4249f9b2-b68b-4842-b0a2-6ca12211452b', 11, '', '2015-03-26 21:47:54'),
(222, '4249f9b2-b68b-4842-b0a2-6ca12211452b', 3, '', '2015-03-26 21:47:54'),
(223, '4249f9b2-b68b-4842-b0a2-6ca12211452b', 7, '', '2015-03-26 21:47:54'),
(224, '4249f9b2-b68b-4842-b0a2-6ca12211452b', 1, '', '2015-03-26 21:47:54'),
(225, 'aacb829d-7ce5-47d1-917a-5ccf3e8e7337', 17, '85', '2015-04-21 14:15:12'),
(226, 'aacb829d-7ce5-47d1-917a-5ccf3e8e7337', 53, '', '2015-04-21 14:15:13'),
(227, 'aacb829d-7ce5-47d1-917a-5ccf3e8e7337', 31, '', '2015-04-21 14:15:13'),
(228, 'aacb829d-7ce5-47d1-917a-5ccf3e8e7337', 12, '', '2015-04-21 14:15:13'),
(229, 'd16517fd-3e12-4439-9020-3252a4e2ca60', 18, '19', '2015-04-28 14:41:58'),
(230, 'd16517fd-3e12-4439-9020-3252a4e2ca60', 53, '', '2015-04-28 14:41:58'),
(231, 'd16517fd-3e12-4439-9020-3252a4e2ca60', 31, '', '2015-04-28 14:41:58'),
(232, 'd16517fd-3e12-4439-9020-3252a4e2ca60', 12, '', '2015-04-28 14:41:58'),
(233, 'd16517fd-3e12-4439-9020-3252a4e2ca60', 4, '', '2015-04-28 14:41:58'),
(234, 'd16517fd-3e12-4439-9020-3252a4e2ca60', 8, '', '2015-04-28 14:41:58'),
(235, 'd16517fd-3e12-4439-9020-3252a4e2ca60', 1, '', '2015-04-28 14:41:58'),
(236, '532a1e8b-36d9-4cae-8e14-4f984d382deb', 17, '90', '2015-04-29 16:23:58'),
(237, '532a1e8b-36d9-4cae-8e14-4f984d382deb', 41, '', '2015-04-29 16:23:58'),
(238, '532a1e8b-36d9-4cae-8e14-4f984d382deb', 11, '', '2015-04-29 16:23:58'),
(239, '532a1e8b-36d9-4cae-8e14-4f984d382deb', 4, '', '2015-04-29 16:23:58'),
(240, '532a1e8b-36d9-4cae-8e14-4f984d382deb', 8, '', '2015-04-29 16:23:58'),
(241, '532a1e8b-36d9-4cae-8e14-4f984d382deb', 1, '', '2015-04-29 16:23:58'),
(242, '77f904a0-09d8-4b1a-b55c-f84371f52e45', 17, '80', '2015-04-30 21:35:17'),
(243, '77f904a0-09d8-4b1a-b55c-f84371f52e45', 53, '', '2015-04-30 21:35:17'),
(244, '77f904a0-09d8-4b1a-b55c-f84371f52e45', 31, '', '2015-04-30 21:35:17'),
(245, '77f904a0-09d8-4b1a-b55c-f84371f52e45', 12, '', '2015-04-30 21:35:17'),
(246, '77f904a0-09d8-4b1a-b55c-f84371f52e45', 4, '', '2015-04-30 21:35:18'),
(247, '77f904a0-09d8-4b1a-b55c-f84371f52e45', 9, '', '2015-04-30 21:35:18'),
(248, '77f904a0-09d8-4b1a-b55c-f84371f52e45', 2, '', '2015-04-30 21:35:18'),
(249, '93ea8fc0-c43f-4068-ad4d-35eda24c2f8d', 18, '50', '2015-05-06 19:45:48'),
(250, '93ea8fc0-c43f-4068-ad4d-35eda24c2f8d', 43, '', '2015-05-06 19:45:48'),
(251, '93ea8fc0-c43f-4068-ad4d-35eda24c2f8d', 16, '', '2015-05-06 19:45:48'),
(252, '93ea8fc0-c43f-4068-ad4d-35eda24c2f8d', 3, '', '2015-05-06 19:45:48'),
(253, '93ea8fc0-c43f-4068-ad4d-35eda24c2f8d', 9, '', '2015-05-06 19:45:48'),
(254, '93ea8fc0-c43f-4068-ad4d-35eda24c2f8d', 2, '', '2015-05-06 19:45:48'),
(255, '6a37c014-aca2-4c90-8384-25a45bdc964d', 18, '50', '2015-05-06 19:47:12'),
(256, '6a37c014-aca2-4c90-8384-25a45bdc964d', 47, '', '2015-05-06 19:47:13'),
(257, '6a37c014-aca2-4c90-8384-25a45bdc964d', 14, '', '2015-05-06 19:47:13'),
(258, '6a37c014-aca2-4c90-8384-25a45bdc964d', 4, '', '2015-05-06 19:47:13'),
(259, '6a37c014-aca2-4c90-8384-25a45bdc964d', 9, '', '2015-05-06 19:47:13'),
(260, '6a37c014-aca2-4c90-8384-25a45bdc964d', 1, '', '2015-05-06 19:47:13'),
(261, 'eb5991d3-eefe-471d-a52b-4d95230ae802', 18, '50', '2015-05-06 19:54:04'),
(262, 'eb5991d3-eefe-471d-a52b-4d95230ae802', 45, '', '2015-05-06 19:54:04'),
(263, 'eb5991d3-eefe-471d-a52b-4d95230ae802', 13, '', '2015-05-06 19:54:04'),
(264, 'eb5991d3-eefe-471d-a52b-4d95230ae802', 6, '', '2015-05-06 19:54:04'),
(265, 'eb5991d3-eefe-471d-a52b-4d95230ae802', 9, '', '2015-05-06 19:54:04'),
(266, 'eb5991d3-eefe-471d-a52b-4d95230ae802', 1, '', '2015-05-06 19:54:04'),
(267, '40d0e50a-e3c0-4c21-957f-e0c14d8a2a3e', 18, '50', '2015-05-06 19:54:05'),
(268, '40d0e50a-e3c0-4c21-957f-e0c14d8a2a3e', 45, '', '2015-05-06 19:54:05'),
(269, '0130ca63-006b-496e-9c94-38377e0fdc9d', 18, '50', '2015-05-06 19:54:05'),
(270, '40d0e50a-e3c0-4c21-957f-e0c14d8a2a3e', 13, '', '2015-05-06 19:54:05'),
(271, '0130ca63-006b-496e-9c94-38377e0fdc9d', 45, '', '2015-05-06 19:54:05'),
(272, '40d0e50a-e3c0-4c21-957f-e0c14d8a2a3e', 6, '', '2015-05-06 19:54:05'),
(273, '0130ca63-006b-496e-9c94-38377e0fdc9d', 13, '', '2015-05-06 19:54:05'),
(274, '40d0e50a-e3c0-4c21-957f-e0c14d8a2a3e', 9, '', '2015-05-06 19:54:05'),
(275, '0130ca63-006b-496e-9c94-38377e0fdc9d', 6, '', '2015-05-06 19:54:05'),
(276, '40d0e50a-e3c0-4c21-957f-e0c14d8a2a3e', 1, '', '2015-05-06 19:54:06'),
(277, '0130ca63-006b-496e-9c94-38377e0fdc9d', 9, '', '2015-05-06 19:54:06'),
(278, '0130ca63-006b-496e-9c94-38377e0fdc9d', 1, '', '2015-05-06 19:54:06'),
(279, '1ed327a0-01c8-40d4-845f-40ac5b19e568', 18, '50', '2015-05-06 19:54:11'),
(280, '1ed327a0-01c8-40d4-845f-40ac5b19e568', 45, '', '2015-05-06 19:54:11'),
(281, '1ed327a0-01c8-40d4-845f-40ac5b19e568', 13, '', '2015-05-06 19:54:11'),
(282, '1ed327a0-01c8-40d4-845f-40ac5b19e568', 6, '', '2015-05-06 19:54:11'),
(283, '1ed327a0-01c8-40d4-845f-40ac5b19e568', 9, '', '2015-05-06 19:54:11'),
(284, '1ed327a0-01c8-40d4-845f-40ac5b19e568', 1, '', '2015-05-06 19:54:11'),
(285, '1daee8a4-80fb-4838-939e-6e349903af9c', 27, '', '2015-05-06 19:54:14'),
(286, '1daee8a4-80fb-4838-939e-6e349903af9c', 18, '50', '2015-05-06 19:54:14'),
(287, '1daee8a4-80fb-4838-939e-6e349903af9c', 45, '', '2015-05-06 19:54:14'),
(288, '1daee8a4-80fb-4838-939e-6e349903af9c', 13, '', '2015-05-06 19:54:14'),
(289, '1daee8a4-80fb-4838-939e-6e349903af9c', 6, '', '2015-05-06 19:54:14'),
(290, '1daee8a4-80fb-4838-939e-6e349903af9c', 9, '', '2015-05-06 19:54:14'),
(291, '1daee8a4-80fb-4838-939e-6e349903af9c', 1, '', '2015-05-06 19:54:14'),
(292, 'd6ba4b5d-e52b-4185-89af-70f11c4f5c12', 27, '', '2015-05-06 19:54:15'),
(293, 'd6ba4b5d-e52b-4185-89af-70f11c4f5c12', 18, '50', '2015-05-06 19:54:15'),
(294, 'd6ba4b5d-e52b-4185-89af-70f11c4f5c12', 45, '', '2015-05-06 19:54:15'),
(295, 'd6ba4b5d-e52b-4185-89af-70f11c4f5c12', 13, '', '2015-05-06 19:54:15'),
(296, 'b4e014d7-c3e8-4cdd-9f96-d3faa2d31302', 27, '', '2015-05-06 19:54:15'),
(297, 'd6ba4b5d-e52b-4185-89af-70f11c4f5c12', 6, '', '2015-05-06 19:54:15'),
(298, 'b4e014d7-c3e8-4cdd-9f96-d3faa2d31302', 18, '50', '2015-05-06 19:54:15'),
(299, 'd6ba4b5d-e52b-4185-89af-70f11c4f5c12', 9, '', '2015-05-06 19:54:15'),
(300, 'b4e014d7-c3e8-4cdd-9f96-d3faa2d31302', 45, '', '2015-05-06 19:54:15'),
(301, 'd6ba4b5d-e52b-4185-89af-70f11c4f5c12', 1, '', '2015-05-06 19:54:15'),
(302, 'b4e014d7-c3e8-4cdd-9f96-d3faa2d31302', 13, '', '2015-05-06 19:54:15'),
(303, 'b4e014d7-c3e8-4cdd-9f96-d3faa2d31302', 6, '', '2015-05-06 19:54:15'),
(304, '7a4c93cc-06ac-4fde-a8a6-f52af9e60aa7', 27, '', '2015-05-06 19:54:15'),
(305, 'b4e014d7-c3e8-4cdd-9f96-d3faa2d31302', 9, '', '2015-05-06 19:54:15'),
(306, '7a4c93cc-06ac-4fde-a8a6-f52af9e60aa7', 18, '50', '2015-05-06 19:54:15'),
(307, '5682426e-4065-435f-bdd4-801f07bb1ac1', 27, '', '2015-05-06 19:54:15'),
(308, 'b4e014d7-c3e8-4cdd-9f96-d3faa2d31302', 1, '', '2015-05-06 19:54:15'),
(309, '7a4c93cc-06ac-4fde-a8a6-f52af9e60aa7', 45, '', '2015-05-06 19:54:15'),
(310, '5682426e-4065-435f-bdd4-801f07bb1ac1', 18, '50', '2015-05-06 19:54:15'),
(311, '7a4c93cc-06ac-4fde-a8a6-f52af9e60aa7', 13, '', '2015-05-06 19:54:16'),
(312, '5682426e-4065-435f-bdd4-801f07bb1ac1', 45, '', '2015-05-06 19:54:16'),
(313, '7a4c93cc-06ac-4fde-a8a6-f52af9e60aa7', 6, '', '2015-05-06 19:54:16'),
(314, '5682426e-4065-435f-bdd4-801f07bb1ac1', 13, '', '2015-05-06 19:54:16'),
(315, '7a4c93cc-06ac-4fde-a8a6-f52af9e60aa7', 9, '', '2015-05-06 19:54:16'),
(316, '5682426e-4065-435f-bdd4-801f07bb1ac1', 6, '', '2015-05-06 19:54:16'),
(317, '7a4c93cc-06ac-4fde-a8a6-f52af9e60aa7', 1, '', '2015-05-06 19:54:16'),
(318, '5682426e-4065-435f-bdd4-801f07bb1ac1', 9, '', '2015-05-06 19:54:16'),
(319, '5682426e-4065-435f-bdd4-801f07bb1ac1', 1, '', '2015-05-06 19:54:16'),
(320, '0c782c19-e74c-4dae-b0e6-22ea8d717851', 18, '50', '2015-05-06 19:55:27'),
(321, '0c782c19-e74c-4dae-b0e6-22ea8d717851', 53, '', '2015-05-06 19:55:27'),
(322, '0c782c19-e74c-4dae-b0e6-22ea8d717851', 31, '', '2015-05-06 19:55:27'),
(323, '0c782c19-e74c-4dae-b0e6-22ea8d717851', 12, '', '2015-05-06 19:55:27'),
(324, '0c782c19-e74c-4dae-b0e6-22ea8d717851', 5, '', '2015-05-06 19:55:27'),
(325, '0c782c19-e74c-4dae-b0e6-22ea8d717851', 8, '', '2015-05-06 19:55:27'),
(326, '0c782c19-e74c-4dae-b0e6-22ea8d717851', 1, '', '2015-05-06 19:55:27'),
(327, 'e7e033af-8d17-457a-b6e6-741987260510', 18, '50', '2015-05-06 21:01:18'),
(328, 'e7e033af-8d17-457a-b6e6-741987260510', 53, '', '2015-05-06 21:01:18'),
(329, 'e7e033af-8d17-457a-b6e6-741987260510', 31, '', '2015-05-06 21:01:19'),
(330, 'e7e033af-8d17-457a-b6e6-741987260510', 12, '', '2015-05-06 21:01:19'),
(331, 'e7e033af-8d17-457a-b6e6-741987260510', 4, '', '2015-05-06 21:01:19'),
(332, 'e7e033af-8d17-457a-b6e6-741987260510', 9, '', '2015-05-06 21:01:19'),
(333, 'e7e033af-8d17-457a-b6e6-741987260510', 1, '', '2015-05-06 21:01:19'),
(334, '35b39d0f-e8b7-4851-898a-bdf893f1265f', 18, '50', '2015-05-09 19:12:52'),
(335, '35b39d0f-e8b7-4851-898a-bdf893f1265f', 53, '', '2015-05-09 19:12:52'),
(336, '35b39d0f-e8b7-4851-898a-bdf893f1265f', 31, '', '2015-05-09 19:12:52'),
(337, '35b39d0f-e8b7-4851-898a-bdf893f1265f', 12, '', '2015-05-09 19:12:52'),
(338, '35b39d0f-e8b7-4851-898a-bdf893f1265f', 3, '', '2015-05-09 19:12:53'),
(339, '35b39d0f-e8b7-4851-898a-bdf893f1265f', 10, '', '2015-05-09 19:12:53'),
(340, '35b39d0f-e8b7-4851-898a-bdf893f1265f', 2, '', '2015-05-09 19:12:53'),
(341, '61a67bbc-d4e3-4a30-8f4e-bc21697d7933', 18, '50', '2015-05-09 19:13:27'),
(342, '61a67bbc-d4e3-4a30-8f4e-bc21697d7933', 43, '', '2015-05-09 19:13:27'),
(343, '61a67bbc-d4e3-4a30-8f4e-bc21697d7933', 16, '', '2015-05-09 19:13:27'),
(344, '61a67bbc-d4e3-4a30-8f4e-bc21697d7933', 5, '', '2015-05-09 19:13:28'),
(345, '61a67bbc-d4e3-4a30-8f4e-bc21697d7933', 9, '', '2015-05-09 19:13:28'),
(346, '61a67bbc-d4e3-4a30-8f4e-bc21697d7933', 2, '', '2015-05-09 19:13:28'),
(347, '51f09580-ab08-43f5-83b2-52106ba9b533', 18, '18', '2015-05-09 20:14:38'),
(348, '51f09580-ab08-43f5-83b2-52106ba9b533', 41, '', '2015-05-09 20:14:38'),
(349, '51f09580-ab08-43f5-83b2-52106ba9b533', 11, '', '2015-05-09 20:14:39'),
(350, '51f09580-ab08-43f5-83b2-52106ba9b533', 4, '', '2015-05-09 20:14:39'),
(351, '51f09580-ab08-43f5-83b2-52106ba9b533', 9, '', '2015-05-09 20:14:39'),
(352, '51f09580-ab08-43f5-83b2-52106ba9b533', 2, '', '2015-05-09 20:14:39'),
(353, 'f67873a0-a73c-4122-b5ef-55b06f5e3f9a', 17, '75', '2015-05-11 15:17:24'),
(354, 'f67873a0-a73c-4122-b5ef-55b06f5e3f9a', 41, '', '2015-05-11 15:17:24'),
(355, 'f67873a0-a73c-4122-b5ef-55b06f5e3f9a', 11, '', '2015-05-11 15:17:24'),
(356, 'f67873a0-a73c-4122-b5ef-55b06f5e3f9a', 4, '', '2015-05-11 15:17:24'),
(357, 'f67873a0-a73c-4122-b5ef-55b06f5e3f9a', 10, '', '2015-05-11 15:17:24'),
(358, 'f67873a0-a73c-4122-b5ef-55b06f5e3f9a', 2, '', '2015-05-11 15:17:24'),
(359, 'c3ab4998-f443-4b18-9c83-20c22daf106e', 17, '79', '2015-05-11 21:06:24'),
(360, 'c3ab4998-f443-4b18-9c83-20c22daf106e', 53, '', '2015-05-11 21:06:25'),
(361, 'c3ab4998-f443-4b18-9c83-20c22daf106e', 31, '', '2015-05-11 21:06:25'),
(362, 'c3ab4998-f443-4b18-9c83-20c22daf106e', 12, '', '2015-05-11 21:06:25'),
(363, 'c3ab4998-f443-4b18-9c83-20c22daf106e', 3, '', '2015-05-11 21:06:25'),
(364, 'c3ab4998-f443-4b18-9c83-20c22daf106e', 10, '', '2015-05-11 21:06:25'),
(365, 'c3ab4998-f443-4b18-9c83-20c22daf106e', 2, '', '2015-05-11 21:06:25'),
(366, '79af28b6-76e3-44ec-a75e-706fe7370756', 17, '95', '2015-05-12 19:40:02'),
(367, '79af28b6-76e3-44ec-a75e-706fe7370756', 53, '', '2015-05-12 19:40:02'),
(368, '79af28b6-76e3-44ec-a75e-706fe7370756', 31, '', '2015-05-12 19:40:02'),
(369, '79af28b6-76e3-44ec-a75e-706fe7370756', 12, '', '2015-05-12 19:40:02'),
(370, '79af28b6-76e3-44ec-a75e-706fe7370756', 3, '', '2015-05-12 19:40:02'),
(371, '79af28b6-76e3-44ec-a75e-706fe7370756', 10, '', '2015-05-12 19:40:02'),
(372, '79af28b6-76e3-44ec-a75e-706fe7370756', 2, '', '2015-05-12 19:40:02'),
(373, '94e911b0-e42f-4a09-bd03-d2db38c48b5b', 22, '', '2015-05-13 19:51:52'),
(374, '94e911b0-e42f-4a09-bd03-d2db38c48b5b', 23, '', '2015-05-13 19:51:52'),
(375, '36c33fb7-69d2-4b29-a1fe-d89d6d2e4448', 21, '', '2015-05-13 20:01:27'),
(376, '36c33fb7-69d2-4b29-a1fe-d89d6d2e4448', 27, '', '2015-05-13 20:01:27'),
(377, '36c33fb7-69d2-4b29-a1fe-d89d6d2e4448', 23, '', '2015-05-13 20:01:27'),
(378, '36c33fb7-69d2-4b29-a1fe-d89d6d2e4448', 24, '', '2015-05-13 20:01:27'),
(379, '36c33fb7-69d2-4b29-a1fe-d89d6d2e4448', 18, '50', '2015-05-13 20:01:27'),
(380, '36c33fb7-69d2-4b29-a1fe-d89d6d2e4448', 41, '', '2015-05-13 20:01:27'),
(381, '36c33fb7-69d2-4b29-a1fe-d89d6d2e4448', 11, '', '2015-05-13 20:01:27'),
(382, '36c33fb7-69d2-4b29-a1fe-d89d6d2e4448', 4, '', '2015-05-13 20:01:27'),
(383, '36c33fb7-69d2-4b29-a1fe-d89d6d2e4448', 8, '', '2015-05-13 20:01:27'),
(384, '36c33fb7-69d2-4b29-a1fe-d89d6d2e4448', 1, '', '2015-05-13 20:01:27'),
(385, '8aa4607f-e3ee-4a0e-bb1b-7632ecebba18', 18, '50', '2015-05-13 20:05:04'),
(386, '8aa4607f-e3ee-4a0e-bb1b-7632ecebba18', 53, '', '2015-05-13 20:05:04'),
(387, '8aa4607f-e3ee-4a0e-bb1b-7632ecebba18', 31, '', '2015-05-13 20:05:04'),
(388, '8aa4607f-e3ee-4a0e-bb1b-7632ecebba18', 12, '', '2015-05-13 20:05:04'),
(389, '8aa4607f-e3ee-4a0e-bb1b-7632ecebba18', 3, '', '2015-05-13 20:05:04'),
(390, '8aa4607f-e3ee-4a0e-bb1b-7632ecebba18', 10, '', '2015-05-13 20:05:04'),
(391, '8aa4607f-e3ee-4a0e-bb1b-7632ecebba18', 2, '', '2015-05-13 20:05:04'),
(392, '4f49deec-ab29-4ff0-9f31-f30faefda614', 27, '', '2015-05-14 19:53:36'),
(393, '4f49deec-ab29-4ff0-9f31-f30faefda614', 17, '82', '2015-05-14 19:53:36'),
(394, '4f49deec-ab29-4ff0-9f31-f30faefda614', 40, '', '2015-05-14 19:53:36'),
(395, '4f49deec-ab29-4ff0-9f31-f30faefda614', 11, '', '2015-05-14 19:53:36'),
(396, '4f49deec-ab29-4ff0-9f31-f30faefda614', 6, '', '2015-05-14 19:53:36'),
(397, '4f49deec-ab29-4ff0-9f31-f30faefda614', 10, '', '2015-05-14 19:53:36'),
(398, '4f49deec-ab29-4ff0-9f31-f30faefda614', 2, '', '2015-05-14 19:53:36'),
(399, '07273be3-aea5-4010-9d75-7f3022cff794', 22, '', '2015-05-14 19:54:15'),
(400, '07273be3-aea5-4010-9d75-7f3022cff794', 17, '72', '2015-05-14 19:54:15'),
(401, '07273be3-aea5-4010-9d75-7f3022cff794', 44, '', '2015-05-14 19:54:15'),
(402, '07273be3-aea5-4010-9d75-7f3022cff794', 13, '', '2015-05-14 19:54:15'),
(403, '07273be3-aea5-4010-9d75-7f3022cff794', 6, '', '2015-05-14 19:54:15'),
(404, '07273be3-aea5-4010-9d75-7f3022cff794', 10, '', '2015-05-14 19:54:15'),
(405, '07273be3-aea5-4010-9d75-7f3022cff794', 2, '', '2015-05-14 19:54:15'),
(406, '28aa16e7-b7b7-4a29-aaef-23f5883fad13', 17, '76', '2015-05-14 20:01:57'),
(407, '28aa16e7-b7b7-4a29-aaef-23f5883fad13', 40, '', '2015-05-14 20:01:57'),
(408, '28aa16e7-b7b7-4a29-aaef-23f5883fad13', 11, '', '2015-05-14 20:01:57'),
(409, '28aa16e7-b7b7-4a29-aaef-23f5883fad13', 6, '', '2015-05-14 20:01:57'),
(410, '28aa16e7-b7b7-4a29-aaef-23f5883fad13', 10, '', '2015-05-14 20:01:57'),
(411, '28aa16e7-b7b7-4a29-aaef-23f5883fad13', 2, '', '2015-05-14 20:01:57'),
(412, 'b381e1e2-f13c-4c1f-a0c4-d9a42b985cc0', 27, '', '2015-05-14 20:37:27'),
(413, 'b381e1e2-f13c-4c1f-a0c4-d9a42b985cc0', 20, '', '2015-05-14 20:37:27'),
(414, 'b381e1e2-f13c-4c1f-a0c4-d9a42b985cc0', 18, '50', '2015-05-14 20:37:27'),
(415, 'b381e1e2-f13c-4c1f-a0c4-d9a42b985cc0', 53, '', '2015-05-14 20:37:27'),
(416, 'b381e1e2-f13c-4c1f-a0c4-d9a42b985cc0', 31, '', '2015-05-14 20:37:27'),
(417, 'b381e1e2-f13c-4c1f-a0c4-d9a42b985cc0', 12, '', '2015-05-14 20:37:27'),
(418, 'b381e1e2-f13c-4c1f-a0c4-d9a42b985cc0', 4, '', '2015-05-14 20:37:27'),
(419, 'b381e1e2-f13c-4c1f-a0c4-d9a42b985cc0', 9, '', '2015-05-14 20:37:27'),
(420, '0ee7f368-e870-49b5-9fa4-c190eea3437e', 18, '50', '2015-05-14 20:41:22'),
(421, '0ee7f368-e870-49b5-9fa4-c190eea3437e', 53, '', '2015-05-14 20:41:22'),
(422, '0ee7f368-e870-49b5-9fa4-c190eea3437e', 31, '', '2015-05-14 20:41:22'),
(423, '0ee7f368-e870-49b5-9fa4-c190eea3437e', 12, '', '2015-05-14 20:41:22'),
(424, '0ee7f368-e870-49b5-9fa4-c190eea3437e', 4, '', '2015-05-14 20:41:22'),
(425, '0ee7f368-e870-49b5-9fa4-c190eea3437e', 9, '', '2015-05-14 20:41:22'),
(426, '2c545c02-03b0-4500-9822-29b2e74f0355', 18, '50', '2015-05-14 20:45:28'),
(427, '2c545c02-03b0-4500-9822-29b2e74f0355', 53, '', '2015-05-14 20:45:28'),
(428, '2c545c02-03b0-4500-9822-29b2e74f0355', 31, '', '2015-05-14 20:45:28'),
(429, '2c545c02-03b0-4500-9822-29b2e74f0355', 12, '', '2015-05-14 20:45:28'),
(430, '2c545c02-03b0-4500-9822-29b2e74f0355', 4, '', '2015-05-14 20:45:28'),
(431, '2c545c02-03b0-4500-9822-29b2e74f0355', 9, '', '2015-05-14 20:45:28'),
(432, '4e6bac37-5f51-4dac-b974-8f5f67295628', 18, '50', '2015-05-14 20:46:58'),
(433, '4e6bac37-5f51-4dac-b974-8f5f67295628', 37, '', '2015-05-14 20:46:58'),
(434, '4e6bac37-5f51-4dac-b974-8f5f67295628', 4, '', '2015-05-14 20:46:58'),
(435, '4e6bac37-5f51-4dac-b974-8f5f67295628', 9, '', '2015-05-14 20:46:58'),
(436, '1ae9eff7-1928-4efe-87ad-98581d3be751', 18, '50', '2015-05-14 20:47:34'),
(437, '1ae9eff7-1928-4efe-87ad-98581d3be751', 37, '', '2015-05-14 20:47:34'),
(438, '1ae9eff7-1928-4efe-87ad-98581d3be751', 4, '', '2015-05-14 20:47:34'),
(439, '1ae9eff7-1928-4efe-87ad-98581d3be751', 9, '', '2015-05-14 20:47:34'),
(440, '5477c7ac-6769-4150-b232-05980701ac69', 18, '50', '2015-05-14 20:48:16'),
(441, '5477c7ac-6769-4150-b232-05980701ac69', 37, '', '2015-05-14 20:48:17'),
(442, '5477c7ac-6769-4150-b232-05980701ac69', 4, '', '2015-05-14 20:48:17'),
(443, '5477c7ac-6769-4150-b232-05980701ac69', 9, '', '2015-05-14 20:48:17'),
(444, 'e2bb8afe-6a85-4370-8731-9324ebe7b924', 18, '50', '2015-05-14 20:49:05'),
(445, 'e2bb8afe-6a85-4370-8731-9324ebe7b924', 37, '', '2015-05-14 20:49:05'),
(446, 'e2bb8afe-6a85-4370-8731-9324ebe7b924', 4, '', '2015-05-14 20:49:05'),
(447, 'e2bb8afe-6a85-4370-8731-9324ebe7b924', 9, '', '2015-05-14 20:49:05'),
(448, '021f01be-ea52-4179-99ab-a3e2f401ed2f', 18, '50', '2015-05-14 20:53:32'),
(449, '021f01be-ea52-4179-99ab-a3e2f401ed2f', 47, '', '2015-05-14 20:53:32'),
(450, '021f01be-ea52-4179-99ab-a3e2f401ed2f', 14, '', '2015-05-14 20:53:32'),
(451, '021f01be-ea52-4179-99ab-a3e2f401ed2f', 4, '', '2015-05-14 20:53:32'),
(452, '021f01be-ea52-4179-99ab-a3e2f401ed2f', 9, '', '2015-05-14 20:53:32'),
(453, '021f01be-ea52-4179-99ab-a3e2f401ed2f', 2, '', '2015-05-14 20:53:32'),
(454, '6550f439-efee-4d6b-a63a-4731bc418351', 18, '50', '2015-05-14 20:56:54'),
(455, '6550f439-efee-4d6b-a63a-4731bc418351', 37, '', '2015-05-14 20:56:54'),
(456, '6550f439-efee-4d6b-a63a-4731bc418351', 3, '', '2015-05-14 20:56:54'),
(457, '6550f439-efee-4d6b-a63a-4731bc418351', 9, '', '2015-05-14 20:56:54'),
(458, '6550f439-efee-4d6b-a63a-4731bc418351', 2, '', '2015-05-14 20:56:54'),
(459, '55d9b526-a07b-4df7-b00d-4b428b2da6ca', 18, '50', '2015-05-14 20:57:44'),
(460, '55d9b526-a07b-4df7-b00d-4b428b2da6ca', 53, '', '2015-05-14 20:57:44'),
(461, '55d9b526-a07b-4df7-b00d-4b428b2da6ca', 31, '', '2015-05-14 20:57:44'),
(462, '55d9b526-a07b-4df7-b00d-4b428b2da6ca', 12, '', '2015-05-14 20:57:44'),
(463, '55d9b526-a07b-4df7-b00d-4b428b2da6ca', 4, '', '2015-05-14 20:57:44'),
(464, '55d9b526-a07b-4df7-b00d-4b428b2da6ca', 10, '', '2015-05-14 20:57:44'),
(465, '55d9b526-a07b-4df7-b00d-4b428b2da6ca', 2, '', '2015-05-14 20:57:44'),
(466, 'f2cdba17-36e2-4b83-8ae4-a18305cabcc7', 18, '50', '2015-05-14 21:01:07'),
(467, 'f2cdba17-36e2-4b83-8ae4-a18305cabcc7', 46, '', '2015-05-14 21:01:07'),
(468, 'f2cdba17-36e2-4b83-8ae4-a18305cabcc7', 14, '', '2015-05-14 21:01:07'),
(469, 'f2cdba17-36e2-4b83-8ae4-a18305cabcc7', 3, '', '2015-05-14 21:01:07'),
(470, 'f2cdba17-36e2-4b83-8ae4-a18305cabcc7', 10, '', '2015-05-14 21:01:07'),
(471, 'f2cdba17-36e2-4b83-8ae4-a18305cabcc7', 2, '', '2015-05-14 21:01:08'),
(472, 'e5e9b6bf-7624-4c6d-a3a2-59e8ac300fc1', 18, '50', '2015-05-14 21:02:42'),
(473, 'e5e9b6bf-7624-4c6d-a3a2-59e8ac300fc1', 50, '', '2015-05-14 21:02:42'),
(474, 'e5e9b6bf-7624-4c6d-a3a2-59e8ac300fc1', 30, '', '2015-05-14 21:02:42'),
(475, 'e5e9b6bf-7624-4c6d-a3a2-59e8ac300fc1', 12, '', '2015-05-14 21:02:43'),
(476, 'e5e9b6bf-7624-4c6d-a3a2-59e8ac300fc1', 3, '', '2015-05-14 21:02:43'),
(477, 'e5e9b6bf-7624-4c6d-a3a2-59e8ac300fc1', 10, '', '2015-05-14 21:02:43'),
(478, 'e5e9b6bf-7624-4c6d-a3a2-59e8ac300fc1', 2, '', '2015-05-14 21:02:43'),
(479, 'a758aaa8-ae52-4dd3-9014-47ec6694bd4b', 17, '76', '2015-05-14 21:07:02'),
(480, 'a758aaa8-ae52-4dd3-9014-47ec6694bd4b', 47, '', '2015-05-14 21:07:02'),
(481, 'a758aaa8-ae52-4dd3-9014-47ec6694bd4b', 14, '', '2015-05-14 21:07:02'),
(482, 'a758aaa8-ae52-4dd3-9014-47ec6694bd4b', 6, '', '2015-05-14 21:07:02'),
(483, 'a758aaa8-ae52-4dd3-9014-47ec6694bd4b', 9, '', '2015-05-14 21:07:02'),
(484, 'a758aaa8-ae52-4dd3-9014-47ec6694bd4b', 2, '', '2015-05-14 21:07:02'),
(485, '34887580-d274-4aaf-af5e-031340bca002', 21, '', '2015-05-29 14:33:22'),
(486, '34887580-d274-4aaf-af5e-031340bca002', 27, '', '2015-05-29 14:33:22'),
(487, '34887580-d274-4aaf-af5e-031340bca002', 20, '', '2015-05-29 14:33:23'),
(488, '34887580-d274-4aaf-af5e-031340bca002', 24, '', '2015-05-29 14:33:23'),
(489, '34887580-d274-4aaf-af5e-031340bca002', 26, '', '2015-05-29 14:33:23'),
(490, '34887580-d274-4aaf-af5e-031340bca002', 18, '50', '2015-05-29 14:33:23'),
(491, '34887580-d274-4aaf-af5e-031340bca002', 40, '', '2015-05-29 14:33:23'),
(492, '34887580-d274-4aaf-af5e-031340bca002', 11, '', '2015-05-29 14:33:23'),
(493, '34887580-d274-4aaf-af5e-031340bca002', 4, '', '2015-05-29 14:33:23'),
(494, '34887580-d274-4aaf-af5e-031340bca002', 9, '', '2015-05-29 14:33:23'),
(495, 'c0f18195-a3f0-445f-b9a5-59a293a7d4b3', 20, '', '2015-05-29 15:41:08'),
(496, 'c0f18195-a3f0-445f-b9a5-59a293a7d4b3', 22, '', '2015-05-29 15:41:08'),
(497, 'c0f18195-a3f0-445f-b9a5-59a293a7d4b3', 18, '50', '2015-05-29 15:41:08'),
(498, 'c0f18195-a3f0-445f-b9a5-59a293a7d4b3', 53, '', '2015-05-29 15:41:08'),
(499, 'c0f18195-a3f0-445f-b9a5-59a293a7d4b3', 31, '', '2015-05-29 15:41:08'),
(500, 'c0f18195-a3f0-445f-b9a5-59a293a7d4b3', 12, '', '2015-05-29 15:41:08'),
(501, 'c0f18195-a3f0-445f-b9a5-59a293a7d4b3', 4, '', '2015-05-29 15:41:08'),
(502, 'c0f18195-a3f0-445f-b9a5-59a293a7d4b3', 9, '', '2015-05-29 15:41:08'),
(503, 'c0f18195-a3f0-445f-b9a5-59a293a7d4b3', 2, '', '2015-05-29 15:41:08'),
(504, '1db66451-e9f7-46c0-a0eb-5cce2db336b8', 21, '', '2015-05-29 18:29:33'),
(505, '1db66451-e9f7-46c0-a0eb-5cce2db336b8', 20, '', '2015-05-29 18:29:34'),
(506, '1db66451-e9f7-46c0-a0eb-5cce2db336b8', 23, '', '2015-05-29 18:29:34'),
(507, '1db66451-e9f7-46c0-a0eb-5cce2db336b8', 18, '50', '2015-05-29 18:29:34'),
(508, '1db66451-e9f7-46c0-a0eb-5cce2db336b8', 40, '', '2015-05-29 18:29:34'),
(509, '1db66451-e9f7-46c0-a0eb-5cce2db336b8', 11, '', '2015-05-29 18:29:34'),
(510, '1db66451-e9f7-46c0-a0eb-5cce2db336b8', 5, '', '2015-05-29 18:29:34'),
(511, '1db66451-e9f7-46c0-a0eb-5cce2db336b8', 9, '', '2015-05-29 18:29:34'),
(512, '1db66451-e9f7-46c0-a0eb-5cce2db336b8', 2, '', '2015-05-29 18:29:34'),
(513, 'e7d98a07-583c-4a0c-a554-0bd04e3e7499', 20, '', '2015-05-29 20:28:20'),
(514, 'e7d98a07-583c-4a0c-a554-0bd04e3e7499', 62, '', '2015-05-29 20:28:20'),
(515, 'e7d98a07-583c-4a0c-a554-0bd04e3e7499', 17, '72', '2015-05-29 20:28:20'),
(516, 'e7d98a07-583c-4a0c-a554-0bd04e3e7499', 37, '', '2015-05-29 20:28:20'),
(517, 'e7d98a07-583c-4a0c-a554-0bd04e3e7499', 35, '', '2015-05-29 20:28:20'),
(518, 'e7d98a07-583c-4a0c-a554-0bd04e3e7499', 33, '', '2015-05-29 20:28:20'),
(519, 'e7d98a07-583c-4a0c-a554-0bd04e3e7499', 6, '', '2015-05-29 20:28:20'),
(520, 'e7d98a07-583c-4a0c-a554-0bd04e3e7499', 9, '', '2015-05-29 20:28:20'),
(521, 'e7d98a07-583c-4a0c-a554-0bd04e3e7499', 1, '', '2015-05-29 20:28:20'),
(522, '445238ee-3081-4892-b65d-9d121c0b81f1', 21, '', '2015-06-01 15:01:05'),
(523, '445238ee-3081-4892-b65d-9d121c0b81f1', 20, '', '2015-06-01 15:01:06'),
(524, '445238ee-3081-4892-b65d-9d121c0b81f1', 22, '', '2015-06-01 15:01:06'),
(525, '445238ee-3081-4892-b65d-9d121c0b81f1', 17, '72', '2015-06-01 15:01:06'),
(526, '445238ee-3081-4892-b65d-9d121c0b81f1', 53, '', '2015-06-01 15:01:06'),
(527, '445238ee-3081-4892-b65d-9d121c0b81f1', 31, '', '2015-06-01 15:01:06'),
(528, '445238ee-3081-4892-b65d-9d121c0b81f1', 12, '', '2015-06-01 15:01:06'),
(529, '445238ee-3081-4892-b65d-9d121c0b81f1', 3, '', '2015-06-01 15:01:06'),
(530, '445238ee-3081-4892-b65d-9d121c0b81f1', 9, '', '2015-06-01 15:01:06'),
(531, '445238ee-3081-4892-b65d-9d121c0b81f1', 2, '', '2015-06-01 15:01:06'),
(532, '00bb68bd-f9b1-482b-8b6f-43ff616b0fac', 17, '73', '2015-06-01 20:36:47'),
(533, '00bb68bd-f9b1-482b-8b6f-43ff616b0fac', 53, '', '2015-06-01 20:36:47'),
(534, '00bb68bd-f9b1-482b-8b6f-43ff616b0fac', 31, '', '2015-06-01 20:36:47'),
(535, '00bb68bd-f9b1-482b-8b6f-43ff616b0fac', 12, '', '2015-06-01 20:36:47'),
(536, '00bb68bd-f9b1-482b-8b6f-43ff616b0fac', 4, '', '2015-06-01 20:36:47'),
(537, '00bb68bd-f9b1-482b-8b6f-43ff616b0fac', 10, '', '2015-06-01 20:36:47'),
(538, '00bb68bd-f9b1-482b-8b6f-43ff616b0fac', 1, '', '2015-06-01 20:36:48'),
(539, 'a8c400a0-bf23-4511-8c3e-67c76424ddef', 18, '13', '2015-06-03 15:02:52'),
(540, 'a8c400a0-bf23-4511-8c3e-67c76424ddef', 53, '', '2015-06-03 15:02:52'),
(541, 'a8c400a0-bf23-4511-8c3e-67c76424ddef', 31, '', '2015-06-03 15:02:53'),
(542, 'a8c400a0-bf23-4511-8c3e-67c76424ddef', 12, '', '2015-06-03 15:02:53'),
(543, 'a8c400a0-bf23-4511-8c3e-67c76424ddef', 4, '', '2015-06-03 15:02:53'),
(544, 'a8c400a0-bf23-4511-8c3e-67c76424ddef', 10, '', '2015-06-03 15:02:53'),
(545, 'a8c400a0-bf23-4511-8c3e-67c76424ddef', 1, '', '2015-06-03 15:02:53'),
(546, '35fda2be-7923-4989-94bc-faba6747bbd3', 18, '21', '2015-06-03 16:00:12'),
(547, '35fda2be-7923-4989-94bc-faba6747bbd3', 40, '', '2015-06-03 16:00:12'),
(548, '35fda2be-7923-4989-94bc-faba6747bbd3', 11, '', '2015-06-03 16:00:12'),
(549, '35fda2be-7923-4989-94bc-faba6747bbd3', 3, '', '2015-06-03 16:00:12'),
(550, '35fda2be-7923-4989-94bc-faba6747bbd3', 10, '', '2015-06-03 16:00:12'),
(551, '35fda2be-7923-4989-94bc-faba6747bbd3', 1, '', '2015-06-03 16:00:12'),
(552, 'ae39be5d-d7af-4a02-867c-ba53fcb2cc3f', 17, '75', '2015-06-03 20:34:02'),
(553, 'ae39be5d-d7af-4a02-867c-ba53fcb2cc3f', 37, '', '2015-06-03 20:34:02'),
(554, 'ae39be5d-d7af-4a02-867c-ba53fcb2cc3f', 4, '', '2015-06-03 20:34:02'),
(555, 'ae39be5d-d7af-4a02-867c-ba53fcb2cc3f', 9, '', '2015-06-03 20:34:02'),
(556, 'ae39be5d-d7af-4a02-867c-ba53fcb2cc3f', 2, '', '2015-06-03 20:34:03'),
(557, '74c64d5d-5b59-4a1d-b753-6b5775e1591f', 18, '50', '2015-06-03 20:38:03'),
(558, '74c64d5d-5b59-4a1d-b753-6b5775e1591f', 43, '', '2015-06-03 20:38:03'),
(559, '74c64d5d-5b59-4a1d-b753-6b5775e1591f', 16, '', '2015-06-03 20:38:03'),
(560, '74c64d5d-5b59-4a1d-b753-6b5775e1591f', 4, '', '2015-06-03 20:38:03'),
(561, '74c64d5d-5b59-4a1d-b753-6b5775e1591f', 9, '', '2015-06-03 20:38:03'),
(562, '74c64d5d-5b59-4a1d-b753-6b5775e1591f', 1, '', '2015-06-03 20:38:03'),
(563, 'b0f55474-43b4-48d0-b3b5-2b2b82bae2c3', 18, '49', '2015-06-04 14:40:12'),
(564, 'b0f55474-43b4-48d0-b3b5-2b2b82bae2c3', 37, '', '2015-06-04 14:40:12'),
(565, 'b0f55474-43b4-48d0-b3b5-2b2b82bae2c3', 5, '', '2015-06-04 14:40:12'),
(566, 'b0f55474-43b4-48d0-b3b5-2b2b82bae2c3', 9, '', '2015-06-04 14:40:12'),
(567, 'b0f55474-43b4-48d0-b3b5-2b2b82bae2c3', 1, '', '2015-06-04 14:40:12'),
(568, '266b40af-4784-469c-b9e6-6d678dbd521a', 18, '50', '2015-06-04 19:10:36'),
(569, '266b40af-4784-469c-b9e6-6d678dbd521a', 53, '', '2015-06-04 19:10:36'),
(570, '266b40af-4784-469c-b9e6-6d678dbd521a', 31, '', '2015-06-04 19:10:36'),
(571, '266b40af-4784-469c-b9e6-6d678dbd521a', 12, '', '2015-06-04 19:10:37'),
(572, '266b40af-4784-469c-b9e6-6d678dbd521a', 4, '', '2015-06-04 19:10:37'),
(573, '4c7da69b-dfa0-449a-8b0f-5989b4b4da5c', 18, '50', '2015-06-04 19:24:23'),
(574, '4c7da69b-dfa0-449a-8b0f-5989b4b4da5c', 47, '', '2015-06-04 19:24:23'),
(575, '4c7da69b-dfa0-449a-8b0f-5989b4b4da5c', 14, '', '2015-06-04 19:24:23'),
(576, '4c7da69b-dfa0-449a-8b0f-5989b4b4da5c', 4, '', '2015-06-04 19:24:23'),
(577, '4c7da69b-dfa0-449a-8b0f-5989b4b4da5c', 9, '', '2015-06-04 19:24:24'),
(578, '4c7da69b-dfa0-449a-8b0f-5989b4b4da5c', 2, '', '2015-06-04 19:24:24'),
(579, '8545dc55-bfe5-49ec-9d98-4ee3e5cbbd66', 64, '', '2015-06-11 20:36:07'),
(580, '4e33f475-cd5e-48a0-bb39-9c8c3cee46ae', 21, '', '2015-06-11 20:40:46'),
(581, '4e33f475-cd5e-48a0-bb39-9c8c3cee46ae', 27, '', '2015-06-11 20:40:46'),
(582, '4e33f475-cd5e-48a0-bb39-9c8c3cee46ae', 20, '', '2015-06-11 20:40:46'),
(583, '4e33f475-cd5e-48a0-bb39-9c8c3cee46ae', 62, '', '2015-06-11 20:40:46'),
(584, '4e33f475-cd5e-48a0-bb39-9c8c3cee46ae', 17, '71', '2015-06-11 20:40:46'),
(585, '4e33f475-cd5e-48a0-bb39-9c8c3cee46ae', 43, '', '2015-06-11 20:40:47'),
(586, '4e33f475-cd5e-48a0-bb39-9c8c3cee46ae', 16, '', '2015-06-11 20:40:47'),
(587, '4e33f475-cd5e-48a0-bb39-9c8c3cee46ae', 4, '', '2015-06-11 20:40:47'),
(588, '4e33f475-cd5e-48a0-bb39-9c8c3cee46ae', 9, '', '2015-06-11 20:40:47'),
(589, '4e33f475-cd5e-48a0-bb39-9c8c3cee46ae', 2, '', '2015-06-11 20:40:47'),
(590, 'd452b9f9-6a61-4a6b-875c-e0dcc099190d', 27, '', '2015-06-11 20:40:55'),
(591, 'd452b9f9-6a61-4a6b-875c-e0dcc099190d', 62, '', '2015-06-11 20:40:55'),
(592, 'd452b9f9-6a61-4a6b-875c-e0dcc099190d', 23, '', '2015-06-11 20:40:55'),
(593, 'd452b9f9-6a61-4a6b-875c-e0dcc099190d', 17, '71', '2015-06-11 20:40:55'),
(594, 'd452b9f9-6a61-4a6b-875c-e0dcc099190d', 43, '', '2015-06-11 20:40:55'),
(595, 'd452b9f9-6a61-4a6b-875c-e0dcc099190d', 16, '', '2015-06-11 20:40:55'),
(596, 'd452b9f9-6a61-4a6b-875c-e0dcc099190d', 4, '', '2015-06-11 20:40:55'),
(597, 'd452b9f9-6a61-4a6b-875c-e0dcc099190d', 9, '', '2015-06-11 20:40:55'),
(598, 'd452b9f9-6a61-4a6b-875c-e0dcc099190d', 2, '', '2015-06-11 20:40:55'),
(599, '520ab936-8ee8-43bf-b93d-0e9d6d8ab036', 17, '75', '2015-06-11 20:41:22'),
(600, '520ab936-8ee8-43bf-b93d-0e9d6d8ab036', 43, '', '2015-06-11 20:41:22'),
(601, '520ab936-8ee8-43bf-b93d-0e9d6d8ab036', 16, '', '2015-06-11 20:41:22'),
(602, '520ab936-8ee8-43bf-b93d-0e9d6d8ab036', 5, '', '2015-06-11 20:41:22'),
(603, '520ab936-8ee8-43bf-b93d-0e9d6d8ab036', 9, '', '2015-06-11 20:41:22'),
(604, '520ab936-8ee8-43bf-b93d-0e9d6d8ab036', 2, '', '2015-06-11 20:41:22'),
(605, '227644bf-8d91-4c95-b6a0-d012ef55a9d5', 18, '17', '2015-06-11 20:42:05'),
(606, '227644bf-8d91-4c95-b6a0-d012ef55a9d5', 41, '', '2015-06-11 20:42:05'),
(607, '227644bf-8d91-4c95-b6a0-d012ef55a9d5', 11, '', '2015-06-11 20:42:05'),
(608, '227644bf-8d91-4c95-b6a0-d012ef55a9d5', 3, '', '2015-06-11 20:42:05'),
(609, '227644bf-8d91-4c95-b6a0-d012ef55a9d5', 9, '', '2015-06-11 20:42:05'),
(610, '227644bf-8d91-4c95-b6a0-d012ef55a9d5', 2, '', '2015-06-11 20:42:05'),
(611, '012a53ab-41ee-4f13-85c6-ded0e0d8f7a5', 18, '50', '2015-06-11 20:46:04'),
(612, '012a53ab-41ee-4f13-85c6-ded0e0d8f7a5', 47, '', '2015-06-11 20:46:04'),
(613, '012a53ab-41ee-4f13-85c6-ded0e0d8f7a5', 14, '', '2015-06-11 20:46:04'),
(614, '012a53ab-41ee-4f13-85c6-ded0e0d8f7a5', 4, '', '2015-06-11 20:46:04'),
(615, '012a53ab-41ee-4f13-85c6-ded0e0d8f7a5', 9, '', '2015-06-11 20:46:04'),
(616, '012a53ab-41ee-4f13-85c6-ded0e0d8f7a5', 1, '', '2015-06-11 20:46:04'),
(617, '689779af-155c-422e-932b-a945cfcee322', 18, '50', '2015-06-11 20:47:36'),
(618, '689779af-155c-422e-932b-a945cfcee322', 53, '', '2015-06-11 20:47:36'),
(619, '689779af-155c-422e-932b-a945cfcee322', 31, '', '2015-06-11 20:47:36'),
(620, '689779af-155c-422e-932b-a945cfcee322', 12, '', '2015-06-11 20:47:36'),
(621, '689779af-155c-422e-932b-a945cfcee322', 4, '', '2015-06-11 20:47:36'),
(622, '689779af-155c-422e-932b-a945cfcee322', 9, '', '2015-06-11 20:47:36'),
(623, '689779af-155c-422e-932b-a945cfcee322', 1, '', '2015-06-11 20:47:36'),
(624, 'feedcd62-f1db-439a-ae14-9c9706db01ad', 17, '91', '2015-06-11 20:47:44'),
(625, 'feedcd62-f1db-439a-ae14-9c9706db01ad', 53, '', '2015-06-11 20:47:45'),
(626, 'feedcd62-f1db-439a-ae14-9c9706db01ad', 31, '', '2015-06-11 20:47:45'),
(627, 'feedcd62-f1db-439a-ae14-9c9706db01ad', 12, '', '2015-06-11 20:47:45'),
(628, 'feedcd62-f1db-439a-ae14-9c9706db01ad', 4, '', '2015-06-11 20:47:45'),
(629, 'feedcd62-f1db-439a-ae14-9c9706db01ad', 9, '', '2015-06-11 20:47:45'),
(630, 'feedcd62-f1db-439a-ae14-9c9706db01ad', 1, '', '2015-06-11 20:47:45'),
(631, '25549d8d-3630-4eaa-b346-9ed2fd102a98', 18, '50', '2015-06-11 21:02:03'),
(632, '25549d8d-3630-4eaa-b346-9ed2fd102a98', 43, '', '2015-06-11 21:02:03'),
(633, '25549d8d-3630-4eaa-b346-9ed2fd102a98', 16, '', '2015-06-11 21:02:03'),
(634, '25549d8d-3630-4eaa-b346-9ed2fd102a98', 4, '', '2015-06-11 21:02:03'),
(635, '25549d8d-3630-4eaa-b346-9ed2fd102a98', 9, '', '2015-06-11 21:02:03'),
(636, '25549d8d-3630-4eaa-b346-9ed2fd102a98', 2, '', '2015-06-11 21:02:03'),
(637, '686767ea-cfc3-47c8-b976-cb7102a3dbcc', 18, '50', '2015-06-11 21:02:28'),
(638, '686767ea-cfc3-47c8-b976-cb7102a3dbcc', 43, '', '2015-06-11 21:02:28'),
(639, '686767ea-cfc3-47c8-b976-cb7102a3dbcc', 16, '', '2015-06-11 21:02:28'),
(640, '686767ea-cfc3-47c8-b976-cb7102a3dbcc', 4, '', '2015-06-11 21:02:28'),
(641, '686767ea-cfc3-47c8-b976-cb7102a3dbcc', 9, '', '2015-06-11 21:02:28'),
(642, '686767ea-cfc3-47c8-b976-cb7102a3dbcc', 2, '', '2015-06-11 21:02:28'),
(643, 'c37166c8-af3e-413d-90f9-3c6653eeb349', 18, '50', '2015-06-11 21:03:25'),
(644, 'c37166c8-af3e-413d-90f9-3c6653eeb349', 43, '', '2015-06-11 21:03:25'),
(645, 'c37166c8-af3e-413d-90f9-3c6653eeb349', 16, '', '2015-06-11 21:03:25'),
(646, 'c37166c8-af3e-413d-90f9-3c6653eeb349', 4, '', '2015-06-11 21:03:25'),
(647, 'c37166c8-af3e-413d-90f9-3c6653eeb349', 9, '', '2015-06-11 21:03:25'),
(648, 'c37166c8-af3e-413d-90f9-3c6653eeb349', 2, '', '2015-06-11 21:03:25'),
(649, '327a2739-3e71-495f-8215-aa447b8b0af7', 18, '50', '2015-06-11 21:03:31'),
(650, '327a2739-3e71-495f-8215-aa447b8b0af7', 43, '', '2015-06-11 21:03:31'),
(651, '327a2739-3e71-495f-8215-aa447b8b0af7', 16, '', '2015-06-11 21:03:31'),
(652, '327a2739-3e71-495f-8215-aa447b8b0af7', 4, '', '2015-06-11 21:03:31'),
(653, '327a2739-3e71-495f-8215-aa447b8b0af7', 9, '', '2015-06-11 21:03:31'),
(654, '327a2739-3e71-495f-8215-aa447b8b0af7', 2, '', '2015-06-11 21:03:31'),
(655, '7c6a2d46-7765-41c1-b60f-c2df6ee34158', 18, '50', '2015-06-11 21:04:19'),
(656, '7c6a2d46-7765-41c1-b60f-c2df6ee34158', 43, '', '2015-06-11 21:04:19'),
(657, '7c6a2d46-7765-41c1-b60f-c2df6ee34158', 16, '', '2015-06-11 21:04:19'),
(658, '7c6a2d46-7765-41c1-b60f-c2df6ee34158', 4, '', '2015-06-11 21:04:19'),
(659, '7c6a2d46-7765-41c1-b60f-c2df6ee34158', 9, '', '2015-06-11 21:04:19');
INSERT INTO `tblSurvey` (`surveyId`, `surveyUUID`, `answerId`, `surveyDetail`, `surveyTimeStamp`) VALUES
(660, '7c6a2d46-7765-41c1-b60f-c2df6ee34158', 2, '', '2015-06-11 21:04:19'),
(661, '7599910b-55ff-4fd0-adb2-e37a8c1897d3', 17, '81', '2015-06-11 21:04:59'),
(662, '7599910b-55ff-4fd0-adb2-e37a8c1897d3', 43, '', '2015-06-11 21:04:59'),
(663, '7599910b-55ff-4fd0-adb2-e37a8c1897d3', 16, '', '2015-06-11 21:04:59'),
(664, '7599910b-55ff-4fd0-adb2-e37a8c1897d3', 4, '', '2015-06-11 21:04:59'),
(665, '7599910b-55ff-4fd0-adb2-e37a8c1897d3', 9, '', '2015-06-11 21:04:59'),
(666, '7599910b-55ff-4fd0-adb2-e37a8c1897d3', 1, '', '2015-06-11 21:04:59'),
(667, 'c32ec07e-adb7-406b-b6c2-1f2c60b91b2e', 18, '50', '2015-06-12 15:57:32'),
(668, 'c32ec07e-adb7-406b-b6c2-1f2c60b91b2e', 47, '', '2015-06-12 15:57:32'),
(669, 'c32ec07e-adb7-406b-b6c2-1f2c60b91b2e', 14, '', '2015-06-12 15:57:32'),
(670, 'c32ec07e-adb7-406b-b6c2-1f2c60b91b2e', 4, '', '2015-06-12 15:57:32'),
(671, 'c32ec07e-adb7-406b-b6c2-1f2c60b91b2e', 9, '', '2015-06-12 15:57:32'),
(672, 'c32ec07e-adb7-406b-b6c2-1f2c60b91b2e', 2, '', '2015-06-12 15:57:32'),
(673, 'ebf8da03-53aa-44d2-a4a2-97e72814b691', 17, '78', '2015-06-14 21:21:44'),
(674, 'ebf8da03-53aa-44d2-a4a2-97e72814b691', 52, '', '2015-06-14 21:21:44'),
(675, 'ebf8da03-53aa-44d2-a4a2-97e72814b691', 31, '', '2015-06-14 21:21:44'),
(676, 'ebf8da03-53aa-44d2-a4a2-97e72814b691', 12, '', '2015-06-14 21:21:44'),
(677, 'ebf8da03-53aa-44d2-a4a2-97e72814b691', 4, '', '2015-06-14 21:21:45'),
(678, 'ebf8da03-53aa-44d2-a4a2-97e72814b691', 10, '', '2015-06-14 21:21:45'),
(679, 'ebf8da03-53aa-44d2-a4a2-97e72814b691', 2, '', '2015-06-14 21:21:45'),
(680, 'd88738c5-fe47-4f46-aded-e8c057d5371f', 18, '50', '2015-06-15 21:08:57'),
(681, 'd88738c5-fe47-4f46-aded-e8c057d5371f', 47, '', '2015-06-15 21:08:57'),
(682, 'd88738c5-fe47-4f46-aded-e8c057d5371f', 14, '', '2015-06-15 21:08:57'),
(683, 'd88738c5-fe47-4f46-aded-e8c057d5371f', 4, '', '2015-06-15 21:08:57'),
(684, 'd88738c5-fe47-4f46-aded-e8c057d5371f', 9, '', '2015-06-15 21:08:57'),
(685, 'd88738c5-fe47-4f46-aded-e8c057d5371f', 2, '', '2015-06-15 21:08:57'),
(686, 'd3400e64-8b04-4077-bee1-d3733998c9e9', 17, '73', '2015-06-15 21:11:18'),
(687, 'd3400e64-8b04-4077-bee1-d3733998c9e9', 37, '', '2015-06-15 21:11:18'),
(688, 'd3400e64-8b04-4077-bee1-d3733998c9e9', 4, '', '2015-06-15 21:11:18'),
(689, 'd3400e64-8b04-4077-bee1-d3733998c9e9', 9, '', '2015-06-15 21:11:18'),
(690, 'd3400e64-8b04-4077-bee1-d3733998c9e9', 2, '', '2015-06-15 21:11:18'),
(691, '2b4e1a57-0c4f-40ff-a569-cfd0966bafec', 17, '81', '2015-06-15 21:22:20'),
(692, '2b4e1a57-0c4f-40ff-a569-cfd0966bafec', 37, '', '2015-06-15 21:22:21'),
(693, '2b4e1a57-0c4f-40ff-a569-cfd0966bafec', 4, '', '2015-06-15 21:22:21'),
(694, '2b4e1a57-0c4f-40ff-a569-cfd0966bafec', 9, '', '2015-06-15 21:22:21'),
(695, '2b4e1a57-0c4f-40ff-a569-cfd0966bafec', 2, '', '2015-06-15 21:22:21'),
(696, 'e2af23da-bb42-4eb4-a9e1-db02a05a8604', 17, '65', '2015-06-16 19:44:20'),
(697, 'e2af23da-bb42-4eb4-a9e1-db02a05a8604', 37, '', '2015-06-16 19:44:20'),
(698, 'e2af23da-bb42-4eb4-a9e1-db02a05a8604', 35, '', '2015-06-16 19:44:20'),
(699, 'e2af23da-bb42-4eb4-a9e1-db02a05a8604', 33, '', '2015-06-16 19:44:20'),
(700, 'e2af23da-bb42-4eb4-a9e1-db02a05a8604', 6, '', '2015-06-16 19:44:20'),
(701, 'e2af23da-bb42-4eb4-a9e1-db02a05a8604', 9, '', '2015-06-16 19:44:20'),
(702, 'e2af23da-bb42-4eb4-a9e1-db02a05a8604', 2, '', '2015-06-16 19:44:20'),
(703, '63870c36-1b7b-44a0-be21-dd0036484aee', 18, '50', '2015-06-16 19:44:48'),
(704, '63870c36-1b7b-44a0-be21-dd0036484aee', 37, '', '2015-06-16 19:44:48'),
(705, '63870c36-1b7b-44a0-be21-dd0036484aee', 32, '', '2015-06-16 19:44:48'),
(706, '63870c36-1b7b-44a0-be21-dd0036484aee', 6, '', '2015-06-16 19:44:48'),
(707, '63870c36-1b7b-44a0-be21-dd0036484aee', 9, '', '2015-06-16 19:44:48'),
(708, '63870c36-1b7b-44a0-be21-dd0036484aee', 1, '', '2015-06-16 19:44:48'),
(709, '9c2d40a9-d72c-4474-896d-472ac7bee301', 18, '50', '2015-06-16 19:46:16'),
(710, '9c2d40a9-d72c-4474-896d-472ac7bee301', 37, '', '2015-06-16 19:46:17'),
(711, '9c2d40a9-d72c-4474-896d-472ac7bee301', 4, '', '2015-06-16 19:46:17'),
(712, '9c2d40a9-d72c-4474-896d-472ac7bee301', 9, '', '2015-06-16 19:46:17'),
(713, '9c2d40a9-d72c-4474-896d-472ac7bee301', 1, '', '2015-06-16 19:46:17'),
(714, '9e8d4e89-855e-480c-86bc-c390716dd02c', 18, '50', '2015-06-22 20:24:50'),
(715, '9e8d4e89-855e-480c-86bc-c390716dd02c', 47, '', '2015-06-22 20:24:50'),
(716, '9e8d4e89-855e-480c-86bc-c390716dd02c', 14, '', '2015-06-22 20:24:50'),
(717, '9e8d4e89-855e-480c-86bc-c390716dd02c', 4, '', '2015-06-22 20:24:50'),
(718, '9e8d4e89-855e-480c-86bc-c390716dd02c', 9, '', '2015-06-22 20:24:50'),
(719, '9e8d4e89-855e-480c-86bc-c390716dd02c', 2, '', '2015-06-22 20:24:50'),
(720, '419961c2-0fbc-416c-b1db-f3f0244de620', 18, '50', '2015-06-22 20:25:15'),
(721, '419961c2-0fbc-416c-b1db-f3f0244de620', 47, '', '2015-06-22 20:25:15'),
(722, '419961c2-0fbc-416c-b1db-f3f0244de620', 14, '', '2015-06-22 20:25:15'),
(723, '419961c2-0fbc-416c-b1db-f3f0244de620', 4, '', '2015-06-22 20:25:15'),
(724, '419961c2-0fbc-416c-b1db-f3f0244de620', 9, '', '2015-06-22 20:25:15'),
(725, '419961c2-0fbc-416c-b1db-f3f0244de620', 1, '', '2015-06-22 20:25:15'),
(726, 'eddcbc97-d49c-423d-b22b-d006ce49b8ea', 18, '50', '2015-06-24 16:43:24'),
(727, 'eddcbc97-d49c-423d-b22b-d006ce49b8ea', 37, '', '2015-06-24 16:43:24'),
(728, 'eddcbc97-d49c-423d-b22b-d006ce49b8ea', 4, '', '2015-06-24 16:43:24'),
(729, 'eddcbc97-d49c-423d-b22b-d006ce49b8ea', 9, '', '2015-06-24 16:43:25'),
(730, 'eddcbc97-d49c-423d-b22b-d006ce49b8ea', 1, '', '2015-06-24 16:43:25'),
(731, '64e1cabb-400a-491e-b5f8-40a9e7cdd748', 18, '50', '2015-06-24 16:46:16'),
(732, '64e1cabb-400a-491e-b5f8-40a9e7cdd748', 37, '', '2015-06-24 16:46:16'),
(733, '64e1cabb-400a-491e-b5f8-40a9e7cdd748', 4, '', '2015-06-24 16:46:16'),
(734, '64e1cabb-400a-491e-b5f8-40a9e7cdd748', 9, '', '2015-06-24 16:46:16'),
(735, '64e1cabb-400a-491e-b5f8-40a9e7cdd748', 1, '', '2015-06-24 16:46:16'),
(736, 'bb326508-39bd-47dc-b9b4-66495413634d', 18, '50', '2015-06-24 18:54:57'),
(737, 'bb326508-39bd-47dc-b9b4-66495413634d', 37, '', '2015-06-24 18:54:57'),
(738, 'bb326508-39bd-47dc-b9b4-66495413634d', 4, '', '2015-06-24 18:54:57'),
(739, 'bb326508-39bd-47dc-b9b4-66495413634d', 9, '', '2015-06-24 18:54:57'),
(740, 'bb326508-39bd-47dc-b9b4-66495413634d', 1, '', '2015-06-24 18:54:58'),
(741, 'b5b3fdfc-5a22-4b60-afbf-c590a02e4366', 18, '50', '2015-06-24 20:30:34'),
(742, 'b5b3fdfc-5a22-4b60-afbf-c590a02e4366', 37, '', '2015-06-24 20:30:34'),
(743, 'b5b3fdfc-5a22-4b60-afbf-c590a02e4366', 32, '', '2015-06-24 20:30:34'),
(744, 'b5b3fdfc-5a22-4b60-afbf-c590a02e4366', 6, '', '2015-06-24 20:30:34'),
(745, 'b5b3fdfc-5a22-4b60-afbf-c590a02e4366', 9, '', '2015-06-24 20:30:34'),
(746, 'b5b3fdfc-5a22-4b60-afbf-c590a02e4366', 2, '', '2015-06-24 20:30:34'),
(747, '6df01bb3-6956-4e1a-a842-d72b01b45b2b', 18, '50', '2015-07-03 16:01:05'),
(748, '6df01bb3-6956-4e1a-a842-d72b01b45b2b', 37, '', '2015-07-03 16:01:05'),
(749, '6df01bb3-6956-4e1a-a842-d72b01b45b2b', 4, '', '2015-07-03 16:01:05'),
(750, '6df01bb3-6956-4e1a-a842-d72b01b45b2b', 9, '', '2015-07-03 16:01:05'),
(751, '6df01bb3-6956-4e1a-a842-d72b01b45b2b', 1, '', '2015-07-03 16:01:05'),
(752, 'f74c2a2f-821b-40a6-aecc-b32f0332f7ed', 18, '50', '2015-07-03 21:52:36'),
(753, 'f74c2a2f-821b-40a6-aecc-b32f0332f7ed', 37, '', '2015-07-03 21:52:36'),
(754, 'f74c2a2f-821b-40a6-aecc-b32f0332f7ed', 4, '', '2015-07-03 21:52:36'),
(755, 'f74c2a2f-821b-40a6-aecc-b32f0332f7ed', 9, '', '2015-07-03 21:52:36'),
(756, 'f74c2a2f-821b-40a6-aecc-b32f0332f7ed', 2, '', '2015-07-03 21:52:36'),
(757, '4c71b907-71c1-4488-854b-47755dc5bb17', 18, '50', '2015-07-03 21:56:30'),
(758, '4c71b907-71c1-4488-854b-47755dc5bb17', 47, '', '2015-07-03 21:56:30'),
(759, '4c71b907-71c1-4488-854b-47755dc5bb17', 14, '', '2015-07-03 21:56:30'),
(760, '4c71b907-71c1-4488-854b-47755dc5bb17', 35, '', '2015-07-03 21:56:30'),
(761, '4c71b907-71c1-4488-854b-47755dc5bb17', 32, '', '2015-07-03 21:56:30'),
(762, '4c71b907-71c1-4488-854b-47755dc5bb17', 6, '', '2015-07-03 21:56:30'),
(763, '4c71b907-71c1-4488-854b-47755dc5bb17', 9, '', '2015-07-03 21:56:30'),
(764, '4c71b907-71c1-4488-854b-47755dc5bb17', 1, '', '2015-07-03 21:56:30'),
(765, '070740f0-d421-4ce2-a173-b58c115e51b1', 18, '50', '2015-07-03 21:57:06'),
(766, '070740f0-d421-4ce2-a173-b58c115e51b1', 37, '', '2015-07-03 21:57:06'),
(767, '070740f0-d421-4ce2-a173-b58c115e51b1', 35, '', '2015-07-03 21:57:06'),
(768, '070740f0-d421-4ce2-a173-b58c115e51b1', 32, '', '2015-07-03 21:57:06'),
(769, '070740f0-d421-4ce2-a173-b58c115e51b1', 6, '', '2015-07-03 21:57:06'),
(770, '070740f0-d421-4ce2-a173-b58c115e51b1', 9, '', '2015-07-03 21:57:06'),
(771, '070740f0-d421-4ce2-a173-b58c115e51b1', 2, '', '2015-07-03 21:57:06');

-- --------------------------------------------------------

--
-- Table structure for table `users`
--

DROP TABLE IF EXISTS `users`;
CREATE TABLE IF NOT EXISTS `users` (
  `userId` int(11) NOT NULL AUTO_INCREMENT,
  `userEmail` varchar(128) NOT NULL,
  `userPassword` varchar(32) NOT NULL,
  `userStatus` varchar(50) NOT NULL DEFAULT 'active',
  PRIMARY KEY (`userId`)
) ENGINE=MyISAM  DEFAULT CHARSET=latin1 AUTO_INCREMENT=8 ;

--
-- Dumping data for table `users`
--

INSERT INTO `users` (`userId`, `userEmail`, `userPassword`, `userStatus`) VALUES
(6, 'admin', '21232f297a57a5a743894a0e4a801fc3', 'active'),
(7, 'mattw@click3x.com', '6423c2a2f26b30abf09608c78f711ea5', 'active');

/*!40101 SET CHARACTER_SET_CLIENT=@OLD_CHARACTER_SET_CLIENT */;
/*!40101 SET CHARACTER_SET_RESULTS=@OLD_CHARACTER_SET_RESULTS */;
/*!40101 SET COLLATION_CONNECTION=@OLD_COLLATION_CONNECTION */;
